keyword,search_volume,keyword_difficulty,competition_level,competition,cpc,main_intent,last_month_volume,twelve_month_peak
abroad settlement in astrology,30,,LOW,0,,informational,50,210
astrology and career,2400,3,LOW,0.24,0.19,informational,2400,5400
astrology regarding career,2400,0,LOW,0.24,0.19,informational,2400,5400
astrology regarding job,1300,0,LOW,0.1,0.19,informational,1300,1900
beej mantra for rahu,12100,0,LOW,0,,informational,12100,14800
budh beej mantra,3600,0,LOW,0,,informational,4400,5400
budh grah mantra,1900,0,LOW,0,,informational,1900,2400
budh graha mantra,1000,0,LOW,0,,informational,880,5400
budh ka beej mantra,590,0,LOW,0,,informational,720,880
budh mantra,9900,0,LOW,0,0.27,informational,8100,14800
budh mantra in english,390,0,LOW,0,,informational,320,720
budh mantra jaap,590,0,LOW,0,,informational,480,880
career astrology,2400,2,LOW,0.24,0.19,informational,2400,5400
career astrology free,480,0,LOW,0.3,0.15,informational,320,1000
chandra graha mantra,390,0,LOW,0,,informational,210,1000
chandra graha mantra in telugu,210,0,LOW,0,,informational,90,1300
debilitated sun remedies,50,43,LOW,0.01,,informational,50,140
encyclopedia of vedic astrology remedies,10,,MEDIUM,0.45,0.03,informational,10,40
evil eye home remedies,50,,LOW,0.3,0.02,informational,30,170
evil eye remedies,210,0,LOW,0.05,0.56,informational,210,390
evil eye removal remedies,40,,LOW,0.04,,informational,50,210
foreign astrology,50,,LOW,0.11,,informational,50,110
foreign settlement after marriage astrology,70,14,LOW,0.05,0.38,informational,90,320
foreign settlement astrology,720,0,LOW,0.03,1.26,informational,590,1300
foreign travel astrology,140,0,LOW,0.02,0.33,informational,110,590
foreign travel astrology calculator,210,0,LOW,0.09,0.08,informational,260,880
foreign trip astrology,140,0,LOW,0.02,0.33,informational,110,590
free astrology predictions for career,480,21,MEDIUM,0.33,0.08,informational,480,3600
guru graha mantra,2400,0,LOW,0,,informational,2900,4400
health vastu remedy,50,,LOW,0.2,0.03,informational,70,90
home remedies for wealth and prosperity,10,,LOW,0,,informational,10,40
home remedies to remove evil eye,90,0,LOW,0.05,,informational,20,720
job astrology,1300,16,LOW,0.1,0.1,informational,1000,1900
jupiter astrology remedies,90,,LOW,0.04,0.01,informational,110,140
jupiter beej mantra,720,0,LOW,0,,informational,590,1000
jupiter in 8th house remedies,90,47,LOW,0,,informational,70,170
jupiter mantra,1900,0,LOW,0,,informational,1900,2900
jupiter mantra for marriage,50,48,LOW,0,,informational,40,110
jupiter mantra for wealth,70,,LOW,0,,informational,40,140
jupiter planet remedies,590,0,LOW,0.02,,informational,390,1300
ketu 8th house remedies,4400,0,LOW,0,0.02,informational,3600,9900
ketu beej mantra,4400,0,LOW,0,0.19,transactional,4400,5400
ketu dasha remedies,480,0,LOW,0.02,0.06,informational,320,1000
ketu in 7th house marriage remedies,20,42,LOW,0.02,,informational,10,140
ketu ka beej mantra,720,0,LOW,0,,transactional,880,880
ketu mantra,8100,0,LOW,0,,informational,8100,9900
ketu mantra for health,10,,,,,informational,0,110
ketu mantra for marriage,10,,LOW,0,,informational,10,90
ketu mantra in english,480,0,LOW,0,,informational,720,720
ketu mantra jaap,480,0,LOW,0,,informational,590,590
ketu remedies for career,70,,LOW,0.01,,navigational,40,170
ketu remedies for health,50,,LOW,0,,informational,50,170
ketu remedies for marriage,40,,LOW,0.02,,informational,40,140
ketu remedy,1900,0,LOW,0.02,0.08,informational,1600,2900
kitchen in north east vastu remedies,720,0,LOW,0.02,0.14,informational,880,1000
lal kitab remedies for foreign settlement,20,,LOW,0.31,,navigational,10,140
lal kitab remedies for husband wife relationship,20,,LOW,0.32,2.28,informational,30,50
lal kitab remedies for weak moon,140,0,LOW,0.02,,informational,140,590
lal kitab remedy to sell property,70,,LOW,0.01,,transactional,50,260
mahavastu marriage delay remedies,10,,,,,informational,0,20
mahavastu remedies for marriage,10,58,LOW,0.07,0.04,informational,10,110
mangal dosha mantra,480,0,LOW,0,,informational,170,880
mangal grah mantra,1900,10,LOW,0,,informational,1900,2400
mangal graha mantra,1900,0,LOW,0,,informational,1900,2400
mangal jaap mantra,1000,0,LOW,0,,informational,1000,1000
mantra for mangal dosh,720,0,LOW,0,,informational,10,1600
mantra for shukra,12100,0,LOW,0,,informational,12100,14800
mantra for venus,1300,0,LOW,0,,informational,1000,1600
mars beej mantra,390,0,LOW,0,,informational,390,480
mars planet remedies,480,0,LOW,0,,informational,390,1000
mars profession in astrology,50,,LOW,0,,informational,30,70
mars related profession in astrology,70,,LOW,0,,informational,110,110
mars remedies for marriage,20,,LOW,0.01,,informational,10,70
mercury planet remedies,720,0,LOW,0.01,,informational,590,1300
mercury remedies for marriage,10,,LOW,0.07,,informational,10,110
moon beej mantra,880,0,LOW,0,,informational,590,1000
moon dasha remedies,110,0,LOW,0,,informational,110,320
moon in 8th house remedies,110,24,LOW,0.01,0.01,informational,110,260
moon mahadasha remedies,110,0,LOW,0,,informational,110,210
moon rahu conjunction remedies,110,0,LOW,0,,informational,90,320
moon related career in astrology,20,,LOW,0,,informational,20,40
navagraha remedies,30,,LOW,0.01,,informational,10,50
north east bathroom vastu remedies,720,0,LOW,0.29,0.12,navigational,880,2900
north east toilet vastu remedies,720,0,LOW,0.29,0.12,informational,880,2900
permanent foreign settlement astrology,170,0,LOW,0.07,0.08,informational,170,320
rahu gayatri mantra,3600,0,LOW,0,,informational,2900,6600
rahu in 7th house marriage remedies,10,44,LOW,0,,informational,10,260
rahu in 8th house marriage remedies,10,,LOW,0,,informational,10,70
rahu ka beej mantra,1900,0,LOW,0,,informational,1900,2400
rahu ka mantra,4400,0,LOW,0,,informational,3600,5400
rahu ketu remedies for marriage,10,50,LOW,0.02,,informational,10,70
rahu mantra,33100,0,LOW,0,0.69,informational,27100,40500
rahu mantra for going abroad,10,,LOW,0,,informational,10,70
rahu mantra for marriage,40,,LOW,0,,informational,30,50
rahu mantra for money,880,0,LOW,0,,informational,590,1000
rahu mantra in hindi,2400,0,LOW,0,,informational,1900,3600
rahu mantra jaap,2900,0,LOW,0.01,1,informational,2900,3600
rahu remedies,4400,0,LOW,0.02,0.04,informational,4400,5400
rahu remedies for career,10,,LOW,0.04,,informational,10,70
rahu remedies for health,20,50,LOW,0.02,,informational,10,140
rahu remedies for job,10,,LOW,0,,informational,10,70
rahu remedies for marriage,20,3,LOW,0.07,,informational,20,590
rahu vastu remedies,20,,LOW,0.2,,informational,10,50
remedies for delay in marriage due to saturn,10,,,,,informational,0,30
remedies for mars,480,0,LOW,0,,informational,390,1000
remedies for shani,590,0,LOW,0,0.01,informational,2900,2900
remedies for shani dasha,590,9,LOW,0.03,0.04,informational,320,880
remedies for weak jupiter,90,43,LOW,0,,informational,70,260
remedies in vastu shastra,1600,0,HIGH,0.7,0.12,informational,2400,2400
remedies of shani mahadasha,590,0,LOW,0.03,0.04,informational,320,880
remedy for shani sade sati,590,0,LOW,0.02,0.39,informational,880,1300
saturn planet remedies,480,0,LOW,0.01,0.16,informational,590,1000
saturn remedies for health,10,,LOW,0.08,,informational,10,70
saturn remedies for job,30,43,LOW,0.03,0.02,informational,30,170
saturn remedies for marriage,30,48,LOW,0.11,,informational,30,110
shani beej mantra in english,880,0,LOW,0,,informational,720,1300
shani grah mantra,390,0,LOW,0,,informational,320,390
shani ka beej mantra,880,0,LOW,0,,informational,720,1300
shani mantra for joint pain,10,,LOW,0,,informational,10,50
shani remedies for marriage,10,,LOW,0.04,,informational,10,50
shukra beej mantra,8100,0,LOW,0,,informational,12100,12100
shukra beej mantra for love,50,,LOW,0,,informational,40,140
shukra beej mantra in english,590,0,LOW,0,,informational,480,1000
shukra graha mantra,1900,0,LOW,0,,informational,1900,2900
shukra mantra for love attraction,320,0,LOW,0,,informational,40,1300
shukra mantra for love marriage in hindi,10,,LOW,0,,informational,10,40
shukra mantra for marriage,70,18,LOW,0,,informational,40,320
shukra mantra for wealth,210,0,LOW,0,,informational,170,480
shukra mantra for wealth in english,10,,LOW,0,,informational,20,70
shukra mantra jaap,720,0,LOW,0,,informational,590,880
south facing main door vastu remedies,720,0,LOW,0.19,0.07,informational,480,1000
south west entrance vastu remedies,1000,0,LOW,0.33,0.15,navigational,720,1600
sun and rahu conjunction remedies,40,,LOW,0,,informational,20,260
sun career astrology,10,,LOW,0,,informational,10,40
sun rahu conjunction remedies,30,,LOW,0,,informational,20,90
sun remedies lal kitab,70,42,LOW,0.02,0.01,informational,50,110
sun saturn conjunction remedies,50,,LOW,0.02,,informational,20,210
surya graha beej mantra,40,48,LOW,0,,informational,30,170
surya graha mantra,110,14,LOW,0,,informational,110,880
surya navagraha mantra,170,56,LOW,0,,informational,70,260
vastu remedies,1600,0,HIGH,0.7,0.12,informational,2400,2400
vastu remedies for business growth,70,,LOW,0.05,0.03,navigational,90,90
vastu remedies for court cases,20,,LOW,0,,navigational,50,70
vastu remedies for depression,10,,LOW,0.25,,commercial,20,50
vastu remedies for financial problems,10,48,LOW,0,,informational,20,70
vastu remedies for happy married life,10,,MEDIUM,0.43,,informational,10,30
vastu remedies for health problems,90,0,LOW,0,,informational,140,320
vastu remedies for husband wife relationship,20,,LOW,0.01,,informational,30,30
vastu remedies for marriage,20,,LOW,0,,informational,10,50
vastu remedies for money,40,48,LOW,0.01,,informational,90,210
vastu remedy for moon,10,,LOW,0,,informational,10,110
vastu remedy to win court case,40,44,LOW,0.01,,transactional,10,170
vedic astrology remedies,1900,0,LOW,0.09,0.03,informational,480,4400
vedic remedies for marriage,10,,LOW,0,,informational,10,10
venus beej mantra,880,0,LOW,0,,informational,720,1000
venus mantra for marriage,30,12,LOW,0,,informational,20,320
venus planet remedies,260,0,LOW,0.03,,informational,210,590
venus remedies for love marriage,10,,LOW,0.14,,informational,10,30
weak jupiter in female chart remedies,170,0,LOW,0,,informational,110,590
