keyword,cluster,page_type,search_volume,competition_index,competition,cpc,score
rahu mantra,planet_rahu,planet,33100,0,LOW,0.85,149.7
beej mantra for rahu,planet_rahu,planet,12100,0,LOW,0.14,137.4
mantra for shukra,planet_venus,planet,12100,0,LOW,0.02,137.1
budh mantra,planet_mercury,planet,9900,0,LOW,0.14,135.2
ketu mantra,planet_ketu,planet,8100,0,LOW,,132.7
shukra beej mantra,planet_venus,planet,8100,0,LOW,,132.7
ketu 8th house remedies,planet_ketu,planet,4400,0,LOW,,126.1
ketu beej mantra,planet_ketu,planet,4400,0,LOW,,126.1
rahu ka mantra,planet_rahu,planet,4400,0,LOW,,126.1
rahu remedies,planet_rahu,planet,4400,1,LOW,0.06,126
budh beej mantra,planet_mercury,planet,3600,0,LOW,,123.9
rahu gayatri mantra,planet_rahu,planet,3600,0,LOW,,123.9
rahu mantra jaap,planet_rahu,planet,2900,1,LOW,0.35,122.1
guru graha mantra,planet_jupiter,planet,2400,0,LOW,,119.5
rahu mantra in hindi,planet_rahu,planet,2400,0,LOW,0.01,119.5
vedic astrology remedies,core_remedies,hub,1900,2,LOW,0.83,118.2
jupiter mantra,planet_jupiter,planet,1900,0,LOW,,117
mangal grah mantra,planet_mars,planet,1900,0,LOW,,117
mangal graha mantra,planet_mars,planet,1900,0,LOW,,117
rahu ka beej mantra,planet_rahu,planet,1900,0,LOW,,117
shukra graha mantra,planet_venus,planet,1900,0,LOW,,117
ketu remedy,planet_ketu,planet,1900,1,LOW,,116.8
budh grah mantra,planet_mercury,planet,1600,0,LOW,,115.1
rahu dev mantra,planet_rahu,planet,1600,0,LOW,,115.1
rahu mantra in english,planet_rahu,planet,1600,0,LOW,,115.1
rahu mahadasha remedies,planet_rahu,planet,1600,5,LOW,0.01,114.1
rahu dasha remedies,planet_rahu,planet,1600,5,LOW,0.01,114.1
mantra for rahu shanti,planet_rahu,planet,720,1,LOW,3.65,113.5
mantra for rahu and ketu,planet_rahu,planet,1300,0,LOW,0.16,113.2
mantra for venus,planet_venus,planet,1300,0,LOW,,112.9
vastu remedies,problem_spiritual_protection,problem,1900,35,MEDIUM,0.14,110.3
remedies in vastu shastra,problem_spiritual_protection,problem,1900,35,MEDIUM,0.14,110.3
budh graha mantra,planet_mercury,planet,1000,0,LOW,,110
mangal jaap mantra,planet_mars,planet,1000,0,LOW,,110
rahu jaap mantra,planet_rahu,planet,1000,1,LOW,,109.8
rahu japa mantra,planet_rahu,planet,1000,1,LOW,,109.8
south face house vastu remedies,problem_spiritual_protection,problem,880,1,LOW,0.12,108.7
moon beej mantra,planet_moon,planet,880,0,LOW,,108.6
rahu beej mantra in english,planet_rahu,planet,880,0,LOW,,108.6
rahu mantra for money,rahu_finance_property,combination,880,0,LOW,,108.6
rahu mantra in kannada,planet_rahu,planet,880,0,LOW,,108.6
shani ka beej mantra,planet_saturn,planet,880,0,LOW,,108.6
venus beej mantra,planet_venus,planet,880,0,LOW,,108.6
jupiter beej mantra,planet_jupiter,planet,720,0,LOW,,106.4
ketu ka beej mantra,planet_ketu,planet,720,0,LOW,,106.4
mantra for mangal dosh,planet_mars,planet,720,0,LOW,,106.4
rahu mantra in telugu,planet_rahu,planet,720,0,LOW,,106.4
shani beej mantra in english,planet_saturn,planet,720,0,LOW,,106.4
shukra mantra jaap,planet_venus,planet,720,0,LOW,,106.4
mercury planet remedies,planet_mercury,planet,720,1,LOW,0.01,106.3
remedy for shani sade sati,planet_saturn,planet,720,1,LOW,0.02,106.3
south west entrance vastu remedies,problem_spiritual_protection,problem,1000,20,LOW,0.08,106.2
kitchen in north east vastu remedies,problem_spiritual_protection,problem,720,3,LOW,0.16,106.2
north east bathroom vastu remedies,problem_spiritual_protection,problem,720,11,LOW,0.13,104.5
north east toilet vastu remedies,problem_spiritual_protection,problem,720,11,LOW,0.13,104.5
budh ka beej mantra,planet_mercury,planet,590,0,LOW,,104.3
budh mantra jaap,planet_mercury,planet,590,0,LOW,,104.3
rahu mantra english,planet_rahu,planet,590,0,LOW,,104.3
jupiter planet remedies,planet_jupiter,planet,590,1,LOW,0.06,104.2
remedies for shani,planet_saturn,planet,590,1,LOW,,104.1
remedies for shani dasha,planet_saturn,planet,590,3,LOW,0.02,103.7
remedies of shani mahadasha,planet_saturn,planet,590,3,LOW,0.02,103.7
best rahu remedy,planet_rahu,planet,590,4,LOW,0.01,103.5
rahu best remedies,planet_rahu,planet,590,4,LOW,0.01,103.5
south facing main door vastu remedies,problem_spiritual_protection,problem,720,16,LOW,0.02,103.3
vastu remedies for toilet,problem_spiritual_protection,problem,720,19,LOW,,102.6
ketu mantra in english,planet_ketu,planet,480,0,LOW,,102.1
ketu mantra jaap,planet_ketu,planet,480,0,LOW,,102.1
mars planet remedies,planet_mars,planet,480,0,LOW,,102.1
rahu ketu mantra in english,planet_rahu,planet,480,0,LOW,,102.1
remedies for mars,planet_mars,planet,480,0,LOW,,102.1
shukra beej mantra in english,planet_venus,planet,480,0,LOW,,102.1
mangal dosha mantra,planet_mars,planet,480,1,LOW,,101.9
saturn planet remedies,planet_saturn,planet,480,1,LOW,,101.9
south west toilet vastu remedies,problem_spiritual_protection,problem,590,13,LOW,0.07,101.8
kitchen vastu remedies,problem_spiritual_protection,problem,480,3,LOW,,101.5
career astrology,problem_career,problem,2400,22,LOW,0.25,100.6
astrology and career,problem_career,problem,2400,22,LOW,0.25,100.6
astrology regarding career,problem_career,problem,2400,22,LOW,0.25,100.6
south east toilet vastu remedies,problem_spiritual_protection,problem,480,11,LOW,0.16,100.2
chandra graha mantra,planet_moon,planet,390,0,LOW,,99.8
mars beej mantra,planet_mars,planet,390,0,LOW,,99.8
mars mantra,planet_mars,planet,390,0,LOW,,99.8
rahu ka vaidik mantra,planet_rahu,planet,390,0,LOW,,99.8
rahu ke mantra,planet_rahu,planet,390,0,LOW,,99.8
rahu ketu beej mantra,planet_rahu,planet,390,0,LOW,,99.8
ketu dasha remedies,planet_ketu,planet,390,2,LOW,0.1,99.6
ketu mahadasha remedies,planet_ketu,planet,390,2,LOW,0.1,99.6
remedies for vastu dosh,problem_spiritual_protection,problem,590,27,LOW,0.14,99.2
vastu dosh and remedies,problem_spiritual_protection,problem,590,27,LOW,0.14,99.2
vastu remedies for home,problem_spiritual_protection,problem,480,18,LOW,0.13,98.7
vastu remedies for house,problem_spiritual_protection,problem,480,18,LOW,0.13,98.7
budh mantra in english,planet_mercury,planet,320,0,LOW,,97.7
rahu grah ka mantra,planet_rahu,planet,320,0,LOW,,97.7
rahu graha mantra,planet_rahu,planet,320,0,LOW,,97.7
rahu remedies vedic astrology,planet_rahu,planet,320,0,LOW,,97.7
shani grah mantra,planet_saturn,planet,320,0,LOW,,97.7
astrological remedies for rahu,planet_rahu,planet,320,1,LOW,0.05,97.6
powerful ketu remedies,planet_ketu,planet,320,1,LOW,0.01,97.5
vastu remedies for south east facing house,problem_spiritual_protection,problem,320,2,LOW,,97.3
lal kitab rahu remedies,planet_rahu,planet,320,3,LOW,0.05,97.2
north west entrance vastu remedy,problem_spiritual_protection,problem,320,3,LOW,,97.1
rahu dosha remedies,planet_rahu,planet,320,3,LOW,0.02,97.1
rahu graha dosha remedies,planet_rahu,planet,320,3,LOW,0.02,97.1
remedies for rahu dosh,planet_rahu,planet,320,3,LOW,0.02,97.1
vastu remedies for west facing house,problem_spiritual_protection,problem,320,3,LOW,0.03,97.1
vastu remedies for southwest entrance,problem_spiritual_protection,problem,320,4,LOW,0.06,97
venus planet remedies,planet_venus,planet,260,2,LOW,0.79,96.6
job astrology,problem_career,problem,1300,10,LOW,0.1,96.1
astrology regarding job,problem_career,problem,1300,10,LOW,0.1,96.1
ketu jaap mantra,planet_ketu,planet,260,0,LOW,,95.4
mantra for saturn,planet_saturn,planet,260,0,LOW,,95.4
rahu beej mantra in hindi,planet_rahu,planet,260,0,LOW,,95.4
rahu ketu mantra in telugu,planet_rahu,planet,260,0,LOW,,95.4
vedic shani mantra,planet_saturn,planet,260,0,LOW,,95.4
shukra mantra for love attraction,venus_relationships,combination,260,1,LOW,,95.2
7th house rahu remedies,planet_rahu,planet,260,1,LOW,0.01,95.2
astrological remedies for venus,planet_venus,planet,260,1,LOW,0.01,95.2
ketu in 7th house remedies,planet_ketu,planet,260,1,LOW,,95.2
planet venus astrological remedies,planet_venus,planet,260,1,LOW,0.01,95.2
rahu in seventh house remedies,planet_rahu,planet,260,1,LOW,0.01,95.2
ketu lal kitab remedies,planet_ketu,planet,260,2,LOW,0.01,95
mars dosha remedies,planet_mars,planet,260,3,LOW,0.03,94.9
south west corner vastu remedies,problem_spiritual_protection,problem,260,4,LOW,,94.6
foreign settlement astrology,problem_travel,problem,720,3,LOW,1.26,93.4
rahu 12th house remedies,planet_rahu,planet,170,2,LOW,1.46,93.3
beej mantra for saturn,planet_saturn,planet,210,0,LOW,,93.1
budh grah ka beej mantra,planet_mercury,planet,210,0,LOW,,93.1
chandra graha mantra in telugu,planet_moon,planet,210,0,LOW,,93.1
durga mantra for rahu,planet_rahu,planet,210,0,LOW,,93.1
ketu graha mantra,planet_ketu,planet,210,0,LOW,,93.1
mantra for shani graha,planet_saturn,planet,210,0,LOW,,93.1
rahu durga mantra,planet_rahu,planet,210,0,LOW,,93.1
rahu mantra lyrics,planet_rahu,planet,210,0,LOW,,93.1
rahu vaidik mantra,planet_rahu,planet,210,0,LOW,,93.1
shani graha mantra,planet_saturn,planet,210,0,LOW,,93.1
shukra mantra for wealth,venus_finance_property,combination,210,0,LOW,,93.1
shukra vedic mantra,planet_venus,planet,210,0,LOW,,93.1
kitchen in north west vastu remedies,problem_spiritual_protection,problem,210,2,LOW,0.16,93
north west kitchen vastu remedies,problem_spiritual_protection,problem,210,2,LOW,0.16,93
8th house rahu remedies,planet_rahu,planet,210,1,LOW,,92.9
budh graha remedies,planet_mercury,planet,210,1,LOW,0.02,92.9
budh remedies,planet_mercury,planet,210,1,LOW,0.02,92.9
rahu and ketu remedies,planet_rahu,planet,210,1,LOW,,92.9
rahu ketu remedies,planet_rahu,planet,210,1,LOW,,92.9
rahu tantrik mantra,planet_rahu,planet,210,1,LOW,,92.9
kitchen in north vastu remedies,problem_spiritual_protection,problem,210,2,LOW,,92.7
remedies for shukra,planet_venus,planet,210,2,LOW,0.01,92.7
vastu remedies for south facing entrance,problem_spiritual_protection,problem,210,3,LOW,,92.5
vastu remedies for pooja room,problem_spiritual_protection,problem,210,5,LOW,,92.1
evil eye remedies,problem_health,problem,210,8,LOW,0.01,91.5
ketu vedic mantra,planet_ketu,planet,170,0,LOW,,90.8
north east staircase vastu remedy,problem_spiritual_protection,problem,170,0,LOW,,90.8
rahu dev beej mantra,planet_rahu,planet,170,0,LOW,,90.8
rahu ka jaap mantra,planet_rahu,planet,170,0,LOW,,90.8
shani beej mantra in kannada,planet_saturn,planet,170,0,LOW,,90.8
vastu remedies for north east staircase,problem_spiritual_protection,problem,170,0,LOW,,90.8
weak jupiter in female chart remedies,planet_jupiter,planet,170,0,LOW,,90.8
south east entrance vastu remedies,problem_spiritual_protection,problem,170,8,LOW,0.75,90.7
ketu 5th house remedies,planet_ketu,planet,170,1,LOW,,90.6
mangal shanti mantra,planet_mars,planet,170,1,LOW,,90.6
north facing house vastu remedies,problem_spiritual_protection,problem,170,1,LOW,,90.6
shani shanti mantra,planet_saturn,planet,170,1,LOW,0.01,90.6
vastu remedies for east facing house,problem_spiritual_protection,problem,170,1,LOW,,90.6
vastu remedies for toilet in north direction,problem_spiritual_protection,problem,170,1,LOW,0.01,90.6
north west entrance flat vastu remedies,problem_spiritual_protection,problem,170,2,LOW,,90.4
rahu 4th house remedies,planet_rahu,planet,170,2,LOW,0.01,90.4
remedies for mangal,planet_mars,planet,170,2,LOW,,90.4
best remedy for rahu mahadasha,planet_rahu,planet,170,6,LOW,0.01,89.6
north east bedroom vastu remedies,problem_spiritual_protection,problem,170,10,LOW,0.23,89.3
staircase vastu remedies,problem_spiritual_protection,problem,170,8,LOW,,89.2
vastu remedies for t point house,problem_spiritual_protection,problem,140,3,LOW,0.41,89
budh mantra 108,planet_mercury,planet,140,0,LOW,,88.7
combust venus remedies,planet_venus,planet,140,0,LOW,,88.7
ketu shanti mantra,planet_ketu,planet,140,0,LOW,,88.7
rahu mantra in malayalam,planet_rahu,planet,140,0,LOW,,88.7
saturn in 8th house remedies,planet_saturn,planet,140,0,LOW,,88.7
shani in 8th house remedies,planet_saturn,planet,140,0,LOW,,88.7
shukra tantrik mantra,planet_venus,planet,140,0,LOW,,88.7
surya graha mantra,planet_sun,planet,140,0,LOW,,88.7
surya navagraha mantra,planet_sun,planet,140,0,LOW,,88.7
remedies for shukra graha,planet_venus,planet,140,1,LOW,0.02,88.6
lal kitab remedies for mars,planet_mars,planet,140,1,LOW,,88.5
mangal remedies lal kitab,planet_mars,planet,140,1,LOW,,88.5
mantra for rahu mahadasha,planet_rahu,planet,140,1,LOW,,88.5
rahu ketu dosha remedies,planet_rahu,planet,140,1,LOW,,88.5
lal kitab remedies for weak moon,planet_moon,planet,140,6,LOW,0.02,87.6
bedroom in south east vastu remedy,problem_spiritual_protection,problem,140,6,LOW,,87.5
moon dasha remedies,planet_moon,planet,110,2,LOW,0.36,86.5
moon mahadasha remedies,planet_moon,planet,110,2,LOW,0.36,86.5
ketu tantrik mantra,planet_ketu,planet,110,0,LOW,,86.1
mangal vedic mantra,planet_mars,planet,110,0,LOW,,86.1
moon rahu conjunction remedies,planet_moon,planet,110,0,LOW,,86.1
north facing kitchen vastu remedies,problem_spiritual_protection,problem,110,0,LOW,,86.1
rahu in 8th house and ketu in 2nd house remedies,planet_rahu,planet,110,0,LOW,,86.1
rahu ke beej mantra,planet_rahu,planet,110,0,LOW,,86.1
shani rahu ketu mantra,planet_saturn,planet,110,0,LOW,,86.1
shukra bija mantra,planet_venus,planet,110,0,LOW,,86.1
shukra mantra for attraction,planet_venus,planet,110,0,LOW,,86.1
vastu remedies for kitchen in north direction,problem_spiritual_protection,problem,110,0,LOW,,86.1
moon in 8th house remedies,planet_moon,planet,110,1,LOW,0.01,86
north west facing house vastu remedy,problem_spiritual_protection,problem,110,1,LOW,,85.9
rahu ki remedies,planet_rahu,planet,110,1,LOW,,85.9
remedies for ketu in 4th house,planet_ketu,planet,110,1,LOW,,85.9
vastu remedies for bedroom,problem_spiritual_protection,problem,110,1,LOW,,85.9
vastu remedies for kitchen in north east direction,problem_spiritual_protection,problem,110,1,LOW,,85.9
vastu remedies for north west facing house,problem_spiritual_protection,problem,110,1,LOW,,85.9
north east corner vastu remedies,problem_spiritual_protection,problem,140,16,LOW,0.12,85.8
remedies for venus in 8th house,planet_venus,planet,110,2,LOW,0.02,85.8
remedies for venus in 6th house,planet_venus,planet,110,2,LOW,,85.7
vastu remedies for health problems,problem_health,problem,110,2,LOW,,85.7
rahu remedies at home,planet_rahu,planet,110,3,LOW,,85.5
rahu remedies in hindi,planet_rahu,planet,110,3,LOW,0,85.5
south west balcony vastu remedies,problem_spiritual_protection,problem,110,3,LOW,,85.5
rahu antardasha remedies,planet_rahu,planet,110,4,LOW,0.02,85.4
one remedy for all vastu dosh,problem_spiritual_protection,problem,170,33,LOW,0.3,84.8
office vastu remedies,problem_spiritual_protection,problem,110,7,LOW,,84.7
astro vastu remedies,problem_spiritual_protection,problem,70,2,LOW,1.9,84.7
budh jaap mantra,planet_mercury,planet,90,0,LOW,,84
budh vedic mantra,planet_mercury,planet,90,0,LOW,,84
chinnamasta mantra for rahu,planet_rahu,planet,90,0,LOW,,84
jupiter in 8th house remedies,planet_jupiter,planet,90,0,LOW,,84
ketu ka tantrik mantra,planet_ketu,planet,90,0,LOW,,84
mangal grah shanti mantra,planet_mars,planet,90,0,LOW,,84
mangal ka tantrik mantra,planet_mars,planet,90,0,LOW,,84
mars rahu conjunction remedy,planet_mars,planet,90,0,LOW,,84
moon ketu conjunction remedies,planet_moon,planet,90,0,LOW,,84
moon mantra jaap,planet_moon,planet,90,0,LOW,,84
moon remedies in astrology,planet_moon,planet,90,0,LOW,,84
north west staircase vastu remedy,problem_spiritual_protection,problem,90,0,LOW,,84
om rahu mantra,planet_rahu,planet,90,0,LOW,,84
rahu ketu mantra in hindi,planet_rahu,planet,90,0,LOW,,84
rahu mantra for success,planet_rahu,planet,90,0,LOW,,84
rahu moola mantra,planet_rahu,planet,90,0,LOW,,84
5th house rahu remedies,planet_rahu,planet,90,1,LOW,,83.8
debilitated venus remedies,planet_venus,planet,90,1,LOW,,83.8
jupiter astrology remedies,planet_jupiter,planet,90,1,LOW,,83.8
ketu dosha remedies,planet_ketu,planet,90,1,LOW,,83.8
mars astrology remedies,planet_mars,planet,90,1,LOW,,83.8
mercury remedy in astrology,planet_mercury,planet,90,1,LOW,,83.8
moon in 6th house remedies,planet_moon,planet,90,1,LOW,,83.8
rahu 10th house remedies,planet_rahu,planet,90,1,LOW,0.02,83.8
rahu in 10th house remedies,planet_rahu,planet,90,1,LOW,0.02,83.8
remedies for weak jupiter,planet_jupiter,planet,90,1,LOW,,83.8
saturn ketu conjunction remedies,planet_saturn,planet,90,1,LOW,,83.8
anti clockwise stairs vastu remedy,problem_spiritual_protection,problem,110,12,LOW,,83.7
9th house rahu remedies,planet_rahu,planet,90,2,LOW,,83.6
lal kitab remedies for moon,planet_moon,planet,90,2,LOW,,83.6
lal kitab remedies for rahu mahadasha,planet_rahu,planet,90,2,LOW,,83.6
rahu 2nd house remedies,planet_rahu,planet,90,2,LOW,0.03,83.6
remedies for weak venus,planet_venus,planet,90,2,LOW,0.01,83.6
south west facing main door vastu remedies,problem_spiritual_protection,problem,90,3,LOW,0.11,83.6
south east extension vastu remedy,problem_spiritual_protection,problem,90,5,LOW,0.22,83.4
south east corner vastu remedies,problem_spiritual_protection,problem,90,8,LOW,,82.4
vastu remedies for south east facing main door,problem_spiritual_protection,problem,90,9,LOW,,82.2
brahmasthan vastu remedies,problem_spiritual_protection,problem,210,56,MEDIUM,0.09,82.1
spiritual astrology,problem_spiritual_protection,problem,320,4,LOW,0.09,82
career astrology free,problem_career,problem,480,27,LOW,0.13,81.9
free astrology predictions for career,problem_career,problem,480,30,LOW,0.13,81.3
planet mantras,core_remedies,hub,70,0,LOW,,81.3
debilitated mercury remedies,planet_mercury,planet,70,0,LOW,,81.3
jupiter mantra for wealth,jupiter_finance_property,combination,70,0,LOW,,81.3
lal kitab remedies for saturn,planet_saturn,planet,70,0,LOW,,81.3
mangal tantrik mantra,planet_mars,planet,70,0,LOW,,81.3
mars in 8th house remedies,planet_mars,planet,70,0,LOW,,81.3
moon in 12th house remedies,planet_moon,planet,70,0,LOW,,81.3
rahu 11th house remedies,planet_rahu,planet,70,0,LOW,,81.3
rahu in 12th house and ketu in 6th house remedies,planet_rahu,planet,70,0,LOW,,81.3
rahu remedies in telugu,planet_rahu,planet,70,0,LOW,,81.3
remedies for saturn in 7th house,planet_saturn,planet,70,0,LOW,,81.3
shukra mantra for beauty,planet_venus,planet,70,0,LOW,,81.3
shukra mantra for marriage,venus_relationships,combination,70,0,LOW,,81.3
vastu remedies for triangular plots,problem_spiritual_protection,problem,70,0,LOW,,81.3
vastu remedies for west facing kitchen,problem_spiritual_protection,problem,70,0,LOW,,81.3
venus remedies vedic astrology,planet_venus,planet,70,0,LOW,,81.3
remedies for shukra mahadasha,planet_venus,planet,70,2,LOW,0.15,81.2
shukra dasha remedies,planet_venus,planet,70,2,LOW,0.15,81.2
vastu remedies for south west entrance flat,problem_spiritual_protection,problem,110,27,LOW,0.17,81.1
debilitated jupiter remedies,planet_jupiter,planet,70,1,LOW,,81.1
jupiter mahadasha remedies,planet_jupiter,planet,70,1,LOW,,81.1
ketu remedies for career,ketu_career,combination,70,1,LOW,,81.1
mars in 12th house remedies,planet_mars,planet,70,1,LOW,,81.1
mars ketu conjunction remedies,planet_mars,planet,70,1,LOW,,81.1
north west bedroom vastu remedies,problem_spiritual_protection,problem,70,1,LOW,,81.1
rahu ketu remedies at home,planet_rahu,planet,70,1,LOW,,81.1
remedies for weak moon,planet_moon,planet,70,1,LOW,,81.1
saturn moon conjunction remedies,planet_moon,planet,70,1,LOW,,81.1
simple remedies for ketu,planet_ketu,planet,70,1,LOW,,81.1
south west toilet vastu remedies in hindi,problem_spiritual_protection,problem,70,1,LOW,,81.1
southwest main door vastu remedies,problem_spiritual_protection,problem,70,1,LOW,,81.1
vastu remedy for southwest main door,problem_spiritual_protection,problem,70,1,LOW,,81.1
vastu remedies for negative energy,problem_spiritual_protection,problem,90,16,LOW,0.13,81
lal kitab remedies for shani,planet_saturn,planet,70,2,LOW,,80.9
moon remedies astrology,planet_moon,planet,70,2,LOW,,80.9
powerful remedies for rahu,planet_rahu,planet,70,2,LOW,,80.9
sun remedies lal kitab,planet_sun,planet,70,2,LOW,0.01,80.9
vastu remedies for business growth,problem_career,problem,70,2,LOW,,80.9
lal kitab remedies for rahu and ketu,planet_rahu,planet,70,3,LOW,,80.7
rahu graha remedies,planet_rahu,planet,70,3,LOW,,80.7
vastu remedy for mirror on south wall,problem_spiritual_protection,problem,70,6,LOW,0.32,80.7
remedies for saturn mahadasha,planet_saturn,planet,70,4,LOW,,80.5
vastu remedies for north east bedroom,problem_spiritual_protection,problem,70,5,LOW,0.1,80.5
job astrology online,problem_career,problem,260,0,LOW,,80.4
ketu remedies in astrology,planet_ketu,planet,70,5,LOW,,80.3
east toilet vastu remedies,problem_spiritual_protection,problem,90,24,LOW,0.49,80.2
vastu remedies for south east bedroom,problem_spiritual_protection,problem,70,6,LOW,,80.1
health vastu remedy,problem_health,problem,70,8,LOW,0.18,80
home remedies to remove evil eye,problem_health,problem,70,8,LOW,,79.7
south west bathroom vastu remedies,problem_spiritual_protection,problem,70,8,LOW,,79.7
vastu remedies for south west bathroom,problem_spiritual_protection,problem,70,8,LOW,,79.7
north west toilet vastu remedies,problem_spiritual_protection,problem,50,3,LOW,1.15,79.4
south east bathroom vastu remedies,problem_spiritual_protection,problem,70,12,LOW,0.16,79.2
leo astrology career,problem_career,problem,210,0,LOW,0.08,78.3
south east vastu dosh remedies,problem_spiritual_protection,problem,110,40,MEDIUM,0.03,78.2
south east vastu remedies,problem_spiritual_protection,problem,110,40,MEDIUM,0.03,78.2
saturn mahadasha rahu antardasha remedies,planet_saturn,planet,50,1,LOW,0.32,78.1
north east cut vastu remedies,problem_spiritual_protection,problem,90,30,LOW,0.03,78
beej mantra rahu,planet_rahu,planet,50,0,LOW,,77.7
budh tantrik mantra,planet_mercury,planet,50,0,LOW,,77.7
combust mars remedy,planet_mars,planet,50,0,LOW,,77.7
debilitated sun remedies,planet_sun,planet,50,0,LOW,,77.7
e5 entrance vastu remedies,problem_spiritual_protection,problem,50,0,LOW,,77.7
guru graha mantra jaap,planet_jupiter,planet,50,0,LOW,,77.7
jupiter in 12th house remedies,planet_jupiter,planet,50,0,LOW,,77.7
jupiter mantra for marriage,jupiter_relationships,combination,50,0,LOW,,77.7
ketu antardasha remedies,planet_ketu,planet,50,0,LOW,,77.7
ketu in 5th house for childbirth remedies,planet_ketu,planet,50,0,LOW,,77.7
ketu remedies for health,ketu_health,combination,50,0,LOW,,77.7
lal kitab remedy to sell property,problem_finance_property,problem,50,0,LOW,,77.7
rahu 8th house remedies,planet_rahu,planet,50,0,LOW,,77.7
rahu grah ka beej mantra,planet_rahu,planet,50,0,LOW,,77.7
rahu in 6th house remedies,planet_rahu,planet,50,0,LOW,,77.7
remedies for saturn in 5th house,planet_saturn,planet,50,0,LOW,,77.7
remedies for shukra dosha,planet_venus,planet,50,0,LOW,,77.7
remedies for weak mars,planet_mars,planet,50,0,LOW,,77.7
remedy for mars saturn conjunction,planet_mars,planet,50,0,LOW,,77.7
saraswati mantra for rahu,planet_rahu,planet,50,0,LOW,,77.7
saturn in 1st house remedies,planet_saturn,planet,50,0,LOW,,77.7
shani in 5th house remedies,planet_saturn,planet,50,0,LOW,,77.7
shani navagraha mantra,planet_saturn,planet,50,0,LOW,,77.7
shukra beej mantra for love,venus_relationships,combination,50,0,LOW,,77.7
shukra graha remedies in telugu,planet_venus,planet,50,0,LOW,,77.7
venus remedies lal kitab,planet_venus,planet,50,0,LOW,,77.7
weak mars remedies,planet_mars,planet,50,0,LOW,,77.7
astrological remedies for saturn,planet_saturn,planet,50,1,LOW,,77.5
ketu in 12th house remedies,planet_ketu,planet,50,1,LOW,,77.5
kitchen and bathroom common wall vastu remedies,problem_spiritual_protection,problem,50,1,LOW,,77.5
lal kitab remedies for mercury,planet_mercury,planet,50,1,LOW,,77.5
mangal graha remedies,planet_mars,planet,50,1,LOW,,77.5
north west extended plot vastu remedies,problem_spiritual_protection,problem,50,1,LOW,,77.5
remedies for mangal graha,planet_mars,planet,50,1,LOW,,77.5
remedies for rahu in 1st house,planet_rahu,planet,50,1,LOW,,77.5
remedies for saturn in 12th house,planet_saturn,planet,50,1,LOW,,77.5
saturn rahu conjunction remedies,planet_saturn,planet,50,1,LOW,,77.5
south east toilet vastu remedies in hindi,problem_spiritual_protection,problem,50,1,LOW,,77.5
south facing balcony vastu remedies,problem_spiritual_protection,problem,50,1,LOW,,77.5
vastu remedies for south facing balcony,problem_spiritual_protection,problem,50,1,LOW,,77.5
vastu remedies for toilet in south direction,problem_spiritual_protection,problem,50,1,LOW,,77.5
west facing balcony vastu remedies,problem_spiritual_protection,problem,50,1,LOW,,77.5
government job astrology,problem_career,problem,210,4,LOW,0.04,77.4
bedroom north east vastu remedy,problem_spiritual_protection,problem,50,2,LOW,,77.3
best remedies for ketu,planet_ketu,planet,50,2,LOW,,77.3
jupiter remedies lal kitab,planet_jupiter,planet,50,2,LOW,,77.3
jupiter strong remedies,planet_jupiter,planet,50,2,LOW,,77.3
ketu in 6th house remedies,planet_ketu,planet,50,2,LOW,,77.3
triangular plot vastu remedies,problem_spiritual_protection,problem,50,2,LOW,,77.3
e1 entrance vastu remedies,problem_spiritual_protection,problem,50,3,LOW,,77.1
s5 entrance vastu remedies,problem_spiritual_protection,problem,50,3,LOW,,77.1
vastu remedies for toilet in south east direction,problem_spiritual_protection,problem,50,3,LOW,,77.1
weak rahu remedies,planet_rahu,planet,50,3,LOW,,77.1
rahu pooja mantra,planet_rahu,planet,50,5,LOW,0.15,77
rahu puja mantra,planet_rahu,planet,50,5,LOW,0.15,77
vastu remedies for flat,problem_spiritual_protection,problem,50,7,LOW,0.35,77
career astrology by date of birth,problem_career,problem,390,41,MEDIUM,0.17,76.9
remedies for venus mahadasha,planet_venus,planet,50,5,LOW,0.01,76.7
n7 entrance vastu remedies,problem_spiritual_protection,problem,50,6,LOW,,76.5
south west corner cut vastu remedies,problem_spiritual_protection,problem,50,7,LOW,,76.3
foreign travel astrology calculator,problem_travel,problem,210,11,LOW,0.12,76.1
south entrance vastu remedies,problem_spiritual_protection,problem,70,28,LOW,0.05,75.8
7th house ketu remedies,planet_ketu,planet,40,0,LOW,,75.3
beej mantra shukra,planet_venus,planet,40,0,LOW,,75.3
budh mantra for panna,planet_mercury,planet,40,0,LOW,,75.3
budh mantra for wearing panna,planet_mercury,planet,40,0,LOW,,75.3
ketu in 3rd house remedies,planet_ketu,planet,40,0,LOW,,75.3
ketu in 9th house remedies,planet_ketu,planet,40,0,LOW,,75.3
lord rahu mantra,planet_rahu,planet,40,0,LOW,,75.3
mangal graha shanti mantra,planet_mars,planet,40,0,LOW,,75.3
mangal ke beej mantra,planet_mars,planet,40,0,LOW,,75.3
mars in 7th house remedies,planet_mars,planet,40,0,LOW,,75.3
mercury rahu conjunction remedies,planet_mercury,planet,40,0,LOW,,75.3
moon rahu remedies,planet_moon,planet,40,0,LOW,,75.3
north east toilet vastu remedies in hindi,problem_spiritual_protection,problem,40,0,LOW,,75.3
powerful remedy for mars,planet_mars,planet,40,0,LOW,,75.3
rahu chanting mantra,planet_rahu,planet,40,0,LOW,,75.3
rahu graha shanti mantra,planet_rahu,planet,40,0,LOW,,75.3
rahu jaap mantra in hindi,planet_rahu,planet,40,0,LOW,,75.3
rahu mantra beej,planet_rahu,planet,40,0,LOW,,75.3
rahu mantra for marriage,rahu_relationships,combination,40,0,LOW,,75.3
remedies for shani graha,planet_saturn,planet,40,0,LOW,,75.3
remedy for south west extended plot vastu,problem_spiritual_protection,problem,40,0,LOW,,75.3
saturn in 4th house remedies,planet_saturn,planet,40,0,LOW,,75.3
saturn in 9th house remedies,planet_saturn,planet,40,0,LOW,,75.3
shani antardasha remedies,planet_saturn,planet,40,0,LOW,,75.3
shani grah ka beej mantra,planet_saturn,planet,40,0,LOW,,75.3
shani grah shanti mantra,planet_saturn,planet,40,0,LOW,,75.3
shukra navagraha mantra,planet_venus,planet,40,0,LOW,,75.3
sun and rahu conjunction remedies,planet_sun,planet,40,0,LOW,,75.3
sun saturn conjunction remedies,planet_sun,planet,40,0,LOW,,75.3
surya graha beej mantra,planet_sun,planet,40,0,LOW,,75.3
vastu and feng shui remedies,problem_spiritual_protection,problem,40,0,LOW,,75.3
vastu remedies for south facing shop,problem_spiritual_protection,problem,40,0,LOW,,75.3
vastu remedies for south west facing entrance,problem_spiritual_protection,problem,40,0,LOW,,75.3
vastu remedies for toilet in east direction,problem_spiritual_protection,problem,40,0,LOW,,75.3
vastu remedies for underground water tank,problem_spiritual_protection,problem,40,0,LOW,,75.3
permanent foreign settlement astrology,problem_travel,problem,170,6,LOW,0.29,75.2
guru graha remedies,planet_jupiter,planet,40,1,LOW,,75.1
ketu in 11th house remedies,planet_ketu,planet,40,1,LOW,,75.1
ketu remedies in hindi,planet_ketu,planet,40,1,LOW,,75.1
lal kitab remedies for moon in 8th house,planet_moon,planet,40,1,LOW,,75.1
lal kitab remedies for venus,planet_venus,planet,40,1,LOW,,75.1
malefic jupiter remedies,planet_jupiter,planet,40,1,LOW,,75.1
mars mahadasha remedies,planet_mars,planet,40,1,LOW,,75.1
moon mahadasha rahu antardasha remedies,planet_moon,planet,40,1,LOW,,75.1
n6 entrance vastu remedies,problem_spiritual_protection,problem,40,1,LOW,,75.1
n8 entrance vastu remedies,problem_spiritual_protection,problem,40,1,LOW,,75.1
north staircase vastu remedy,problem_spiritual_protection,problem,40,1,LOW,,75.1
rahu in 5th house and ketu in 11th house remedies,planet_rahu,planet,40,1,LOW,,75.1
rahu mahadasha moon antardasha remedies,planet_moon,planet,40,1,LOW,,75.1
rahu strong remedies,planet_rahu,planet,40,1,LOW,,75.1
remedies for weak budh,planet_mercury,planet,40,1,LOW,,75.1
retrograde jupiter remedies,planet_jupiter,planet,40,1,LOW,,75.1
south balcony vastu remedies,problem_spiritual_protection,problem,40,1,LOW,,75.1
vastu remedies for south balcony,problem_spiritual_protection,problem,40,1,LOW,,75.1
north direction vastu remedies,problem_spiritual_protection,problem,40,2,LOW,,74.9
rahu dosh remedies,planet_rahu,planet,40,2,LOW,,74.9
saturn in 6th house remedies,planet_saturn,planet,40,2,LOW,,74.9
e6 entrance vastu remedies,problem_spiritual_protection,problem,40,3,LOW,,74.7
ketu remedies for marriage,ketu_relationships,combination,40,3,LOW,,74.7
lal kitab remedies for jupiter,planet_jupiter,planet,40,3,LOW,0,74.7
rahu mahadasha remedies in hindi,planet_rahu,planet,40,3,LOW,,74.7
remedies for bad rahu,planet_rahu,planet,40,3,LOW,0.01,74.7
south facing flat vastu remedies,problem_spiritual_protection,problem,40,3,LOW,,74.7
evil eye removal remedies,problem_health,problem,40,4,LOW,,74.5
n1 entrance vastu remedies,problem_spiritual_protection,problem,40,4,LOW,,74.5
rahu dosh nivaran mantra,planet_rahu,planet,40,4,LOW,,74.5
vastu remedies for entrance door,problem_spiritual_protection,problem,40,5,LOW,,74.3
vastu remedies for toilet in north east direction,problem_spiritual_protection,problem,40,6,LOW,,74.1
toilet in north vastu remedy,problem_spiritual_protection,problem,40,8,LOW,0.13,74
north west corner cut vastu remedies,problem_spiritual_protection,problem,40,8,LOW,,73.7
helix vastu remedies,problem_spiritual_protection,problem,210,98,HIGH,0.05,73.6
career astrology by date of birth free,problem_career,problem,260,36,MEDIUM,0.12,73.5
free job astrology by date of birth,problem_career,problem,260,36,MEDIUM,0.12,73.5
foreign travel astrology,problem_travel,problem,140,2,LOW,0.06,73.5
foreign trip astrology,problem_travel,problem,140,2,LOW,0.06,73.5
wall in front of main door vastu remedy,problem_spiritual_protection,problem,70,40,MEDIUM,0.01,73.3
north cut vastu remedies,problem_spiritual_protection,problem,40,10,LOW,,73.3
south east cut vastu remedies,problem_spiritual_protection,problem,40,11,LOW,0.07,73.3
vastu remedies for money,problem_finance_property,problem,40,12,LOW,,72.9
vastu remedy for mirror on west wall,problem_spiritual_protection,problem,40,15,LOW,0.13,72.6
toilet vastu remedies,problem_spiritual_protection,problem,50,26,LOW,,72.5
west toilet vastu remedies,problem_spiritual_protection,problem,40,14,LOW,,72.5
navagraha remedies,core_remedies,hub,30,0,LOW,,72.3
chandra graha shanti mantra,planet_moon,planet,30,0,LOW,,72.3
jupiter in 10th house remedies,planet_jupiter,planet,30,0,LOW,,72.3
jupiter rahu conjunction remedies,planet_jupiter,planet,30,0,LOW,,72.3
ketu ke beej mantra,planet_ketu,planet,30,0,LOW,,72.3
lal kitab remedies for saturn in 8th house,planet_saturn,planet,30,0,LOW,,72.3
maa durga mantra for rahu,planet_rahu,planet,30,0,LOW,,72.3
mars in 4th house remedies,planet_mars,planet,30,0,LOW,,72.3
moon in 1st house remedies,planet_moon,planet,30,0,LOW,,72.3
moon ketu remedies,planet_moon,planet,30,0,LOW,,72.3
moon planet remedies,planet_moon,planet,30,0,LOW,,72.3
most powerful rahu mantra,planet_rahu,planet,30,0,LOW,,72.3
rahu in 3rd house remedies,planet_rahu,planet,30,0,LOW,,72.3
rahu mantra in gujarati,planet_rahu,planet,30,0,LOW,,72.3
rahu nivaran mantra,planet_rahu,planet,30,0,LOW,,72.3
remedies for retrograde jupiter,planet_jupiter,planet,30,0,LOW,,72.3
saturn in 10th house remedies,planet_saturn,planet,30,0,LOW,,72.3
saturn remedies for job,saturn_career,combination,30,0,LOW,,72.3
saturn retrograde remedies,planet_saturn,planet,30,0,LOW,,72.3
shukra grah shanti mantra,planet_venus,planet,30,0,LOW,,72.3
south east me toilet vastu remedies in hindi,problem_spiritual_protection,problem,30,0,LOW,,72.3
south facing kitchen vastu remedies,problem_spiritual_protection,problem,30,0,LOW,,72.3
south west bedroom vastu remedies,problem_spiritual_protection,problem,30,0,LOW,,72.3
sun rahu conjunction remedies,planet_sun,planet,30,0,LOW,,72.3
vastu remedies for court cases,problem_finance_property,problem,30,0,LOW,,72.3
vastu remedies for south west facing flat,problem_spiritual_protection,problem,30,0,LOW,,72.3
vastu remedies for veedhi potu,problem_spiritual_protection,problem,30,0,LOW,,72.3
venus mantra for marriage,venus_relationships,combination,30,0,LOW,,72.3
copper wire remedy for vastu defects,problem_spiritual_protection,problem,50,28,LOW,0.01,72.1
evil eye home remedies,problem_health,problem,50,28,LOW,0.02,72.1
south toilet vastu remedies,problem_spiritual_protection,problem,40,16,LOW,,72.1
debilitated mars remedies,planet_mars,planet,30,1,LOW,,72.1
jupiter in 6th house remedies,planet_jupiter,planet,30,1,LOW,0.01,72.1
ketu japa mantra,planet_ketu,planet,30,1,LOW,,72.1
ketu mahadasha rahu antardasha remedies,planet_rahu,planet,30,1,LOW,0.01,72.1
mars in 2nd house remedies,planet_mars,planet,30,1,LOW,,72.1
mars in 6th house remedies,planet_mars,planet,30,1,LOW,,72.1
mars rahu conjunction in 8th house remedies,planet_mars,planet,30,1,LOW,,72.1
moon ketu conjunction in 1st house remedies,planet_moon,planet,30,1,LOW,,72.1
moon weak remedies,planet_moon,planet,30,1,LOW,,72.1
rahu kaal remedies,planet_rahu,planet,30,1,LOW,,72.1
rahu mahadasha sun antardasha remedies,planet_sun,planet,30,1,LOW,,72.1
rahu mahadasha venus antardasha remedies,planet_venus,planet,30,1,LOW,,72.1
remedies for jupiter in 6th house,planet_jupiter,planet,30,1,LOW,,72.1
remedies for retrograde saturn,planet_saturn,planet,30,1,LOW,0.01,72.1
saturn and ketu in 5th house remedies,planet_saturn,planet,30,1,LOW,,72.1
shani rahu shrapit dosha remedies,planet_saturn,planet,30,1,LOW,,72.1
south east balcony vastu remedies,problem_spiritual_protection,problem,30,1,LOW,,72.1
south east extended plot vastu remedies,problem_spiritual_protection,problem,30,1,LOW,,72.1
south east master bedroom vastu remedies,problem_spiritual_protection,problem,30,1,LOW,,72.1
south east staircase vastu remedy,problem_spiritual_protection,problem,30,1,LOW,,72.1
vastu remedies for kitchen in south west direction,problem_spiritual_protection,problem,30,1,LOW,,72.1
vastu remedy for stairs in front of main door,problem_spiritual_protection,problem,30,1,LOW,,72.1
venus in 12th house remedies,planet_venus,planet,30,1,LOW,,72.1
malefic moon remedies,planet_moon,planet,30,2,LOW,,71.9
rahu ketu shani remedies,planet_saturn,planet,30,2,LOW,,71.9
shani in 4th house remedies,planet_saturn,planet,30,2,LOW,,71.9
vastu remedies for kitchen in west,problem_spiritual_protection,problem,30,2,LOW,,71.9
west kitchen vastu remedies,problem_spiritual_protection,problem,30,2,LOW,,71.9
north east corner cut vastu remedies,problem_spiritual_protection,problem,30,4,LOW,,71.5
north east master bedroom vastu remedies,problem_spiritual_protection,problem,30,4,LOW,0.01,71.5
planet rahu remedies,planet_rahu,planet,30,4,LOW,0.01,71.5
rahu remedy mantra,planet_rahu,planet,30,4,LOW,,71.5
south wall mirror vastu remedy,problem_spiritual_protection,problem,30,4,LOW,,71.5
malefic rahu remedies,planet_rahu,planet,30,5,LOW,,71.3
rahu mahadasha rahu antardasha remedies,planet_rahu,planet,30,5,LOW,,71.3
vastu remedy to win court case,problem_finance_property,problem,30,5,LOW,,71.3
south east kitchen vastu remedies,problem_spiritual_protection,problem,30,6,LOW,,71.1
south west door vastu remedies,problem_spiritual_protection,problem,30,9,LOW,,70.5
job astrology by date of birth,problem_career,problem,140,18,LOW,0.07,70.3
astrology about job by date of birth,problem_career,problem,140,18,LOW,0.07,70.3
mahesh gyani vastu remedies,problem_spiritual_protection,problem,30,17,LOW,0.35,69.6
vastu remedies for south west extension,problem_spiritual_protection,problem,30,14,LOW,0.05,69.6
vedic astrology career analysis,problem_career,problem,90,2,LOW,0.3,69.2
rahu dasha mantra,planet_rahu,planet,20,4,LOW,0.93,69.1
career chart in astrology,problem_career,problem,90,0,LOW,,69
mars related profession in astrology,mars_career,combination,90,0,LOW,,69
west entrance vastu remedies,problem_spiritual_protection,problem,40,33,MEDIUM,,68.7
vastu remedy for anti clockwise staircase,problem_spiritual_protection,problem,30,20,LOW,0.11,68.5
south west vastu remedies,problem_spiritual_protection,problem,70,67,HIGH,0.14,68.2
5th house ketu remedies,planet_ketu,planet,20,0,LOW,,68.1
bad rahu remedies,planet_rahu,planet,20,0,LOW,,68.1
beej mantra of saturn,planet_saturn,planet,20,0,LOW,,68.1
budh grah remedies,planet_mercury,planet,20,0,LOW,,68.1
budh mahadasha remedies,planet_mercury,planet,20,0,LOW,,68.1
east kitchen vastu remedies,problem_spiritual_protection,problem,20,0,LOW,,68.1
guru graha japa mantra in telugu,planet_jupiter,planet,20,0,LOW,,68.1
guru graha shanti mantra,planet_jupiter,planet,20,0,LOW,,68.1
guru graha shanti mantra in telugu,planet_jupiter,planet,20,0,LOW,,68.1
jupiter in 4th house remedies,planet_jupiter,planet,20,0,LOW,,68.1
jupiter in 7th house remedies,planet_jupiter,planet,20,0,LOW,,68.1
jupiter ketu conjunction remedies,planet_jupiter,planet,20,0,LOW,,68.1
jupiter mahadasha ketu antardasha remedies,planet_jupiter,planet,20,0,LOW,,68.1
jupiter mahadasha venus antardasha remedies,planet_jupiter,planet,20,0,LOW,,68.1
ketu 6th house remedies,planet_ketu,planet,20,0,LOW,,68.1
ketu flag remedy,planet_ketu,planet,20,0,LOW,,68.1
ketu graha shanti mantra,planet_ketu,planet,20,0,LOW,,68.1
ketu planet remedies,planet_ketu,planet,20,0,LOW,,68.1
lal kitab remedies for combust mercury,planet_mercury,planet,20,0,LOW,,68.1
lal kitab remedies for jupiter in 7th house,planet_jupiter,planet,20,0,LOW,,68.1
malefic venus remedies,planet_venus,planet,20,0,LOW,,68.1
mangal grah tantrik mantra,planet_mars,planet,20,0,LOW,,68.1
mangal remedies in astrology,planet_mars,planet,20,0,LOW,,68.1
mars in 5th house remedies,planet_mars,planet,20,0,LOW,,68.1
mars mahadasha rahu antardasha remedies,planet_mars,planet,20,0,LOW,,68.1
mercury mahadasha ketu antardasha remedies,planet_mercury,planet,20,0,LOW,,68.1
moon and ketu in 6th house remedies,planet_moon,planet,20,0,LOW,,68.1
moon and ketu in 8th house remedies,planet_moon,planet,20,0,LOW,,68.1
moon mahadasha saturn antardasha remedies,planet_moon,planet,20,0,LOW,,68.1
most powerful shukra mantra,planet_venus,planet,20,0,LOW,,68.1
navagraha shukra mantra,planet_venus,planet,20,0,LOW,,68.1
negative rahu remedies,planet_rahu,planet,20,0,LOW,,68.1
north east staircase vastu remedy in hindi,problem_spiritual_protection,problem,20,0,LOW,,68.1
north side kitchen vastu remedies,problem_spiritual_protection,problem,20,0,LOW,,68.1
rahu 1st house remedies,planet_rahu,planet,20,0,LOW,,68.1
rahu dasha remedies in kannada,planet_rahu,planet,20,0,LOW,,68.1
rahu in lagna remedies,planet_rahu,planet,20,0,LOW,,68.1
rahu ke mantra jaap,planet_rahu,planet,20,0,LOW,,68.1
rahu mahadasha remedies in telugu,planet_rahu,planet,20,0,LOW,,68.1
rahu mangal remedies,planet_mars,planet,20,0,LOW,,68.1
rahu pratyantar dasha remedies,planet_rahu,planet,20,0,LOW,,68.1
remedies for debilitated moon in scorpio,planet_moon,planet,20,0,LOW,,68.1
saturn and ketu in 12th house remedies,planet_saturn,planet,20,0,LOW,,68.1
saturn aspects moon remedies,planet_moon,planet,20,0,LOW,,68.1
saturn atmakaraka remedies,planet_saturn,planet,20,0,LOW,,68.1
saturn in 11th house remedies,planet_saturn,planet,20,0,LOW,,68.1
saturn mahadasha mercury antardasha remedies,planet_mercury,planet,20,0,LOW,,68.1
saturn mahadasha moon antardasha remedies,planet_moon,planet,20,0,LOW,,68.1
saturn sade sati remedies,planet_saturn,planet,20,0,LOW,,68.1
shani graha mantra in english,planet_saturn,planet,20,0,LOW,,68.1
shani graha shanti mantra,planet_saturn,planet,20,0,LOW,,68.1
shani in 7th house remedies,planet_saturn,planet,20,0,LOW,,68.1
shani mahadasha rahu antardasha remedies,planet_saturn,planet,20,0,LOW,,68.1
shani rahu yuti remedies,planet_saturn,planet,20,0,LOW,,68.1
shukra grah remedies,planet_venus,planet,20,0,LOW,,68.1
shukra graha shanti mantra,planet_venus,planet,20,0,LOW,,68.1
shukra mantra beej,planet_venus,planet,20,0,LOW,,68.1
shukra remedies lal kitab,planet_venus,planet,20,0,LOW,,68.1
shukra tantrik beej mantra,planet_venus,planet,20,0,LOW,,68.1
south east me toilet vastu remedies,problem_spiritual_protection,problem,20,0,LOW,,68.1
south west corner toilet vastu remedies,problem_spiritual_protection,problem,20,0,LOW,,68.1
south west kitchen vastu remedies in hindi,problem_spiritual_protection,problem,20,0,LOW,,68.1
sun mahadasha saturn antardasha remedies,planet_sun,planet,20,0,LOW,,68.1
sun mars mercury conjunction remedies,planet_sun,planet,20,0,LOW,,68.1
surya graha remedies,planet_sun,planet,20,0,LOW,,68.1
vastu remedies for depression,problem_health,problem,20,0,LOW,,68.1
vastu remedies for husband wife relationship,problem_relationships,problem,20,0,LOW,,68.1
vastu remedies for kitchen in north west direction,problem_spiritual_protection,problem,20,0,LOW,,68.1
vastu remedies for marriage,problem_relationships,problem,20,0,LOW,,68.1
vastu remedies for south east corner cut,problem_spiritual_protection,problem,20,0,LOW,,68.1
vastu remedies for south east extension,problem_spiritual_protection,problem,20,0,LOW,,68.1
vastu remedies for south facing office,problem_spiritual_protection,problem,20,0,LOW,,68.1
vastu remedies for toilet in north west direction,problem_spiritual_protection,problem,20,0,LOW,,68.1
venus atmakaraka remedies,planet_venus,planet,20,0,LOW,,68.1
venus in 3rd house remedies,planet_venus,planet,20,0,LOW,,68.1
venus in 5th house remedies,planet_venus,planet,20,0,LOW,,68.1
venus in 9th house remedies,planet_venus,planet,20,0,LOW,,68.1
venus mahadasha ketu antardasha remedies,planet_venus,planet,20,0,LOW,,68.1
venus mantra for beauty,planet_venus,planet,20,0,LOW,,68.1
venus mars conjunction remedies,planet_mars,planet,20,0,LOW,,68.1
venus rahu conjunction remedies,planet_venus,planet,20,0,LOW,,68.1
weak ketu remedies,planet_ketu,planet,20,0,LOW,,68.1
astrology profession,problem_career,problem,90,5,LOW,0.03,68
moon and rahu in 6th house remedies,planet_moon,planet,20,4,LOW,0.36,68
home remedies for negative energy,problem_spiritual_protection,problem,20,1,LOW,,67.9
ketu remedies at home,planet_ketu,planet,20,1,LOW,,67.9
lal kitab remedies for jupiter in 8th house,planet_jupiter,planet,20,1,LOW,,67.9
lal kitab remedies for ketu in 7th house,planet_ketu,planet,20,1,LOW,0.01,67.9
lal kitab remedies for rahu in 12th house,planet_rahu,planet,20,1,LOW,,67.9
malefic mercury remedies,planet_mercury,planet,20,1,LOW,,67.9
mangal navagraha mantra,planet_mars,planet,20,1,LOW,,67.9
mantra to make venus strong,planet_venus,planet,20,1,LOW,,67.9
mars remedies vedic astrology,planet_mars,planet,20,1,LOW,,67.9
master bedroom in north west vastu remedies,problem_spiritual_protection,problem,20,1,LOW,,67.9
mirror on south wall vastu remedies,problem_spiritual_protection,problem,20,1,LOW,,67.9
moon rahu conjunction in 4th house remedies,planet_moon,planet,20,1,LOW,,67.9
north west master bedroom vastu remedies,problem_spiritual_protection,problem,20,1,LOW,,67.9
rahu ketu dasha remedies,planet_rahu,planet,20,1,LOW,,67.9
remedies for sun planet,planet_sun,planet,20,1,LOW,,67.9
shani in 10th house remedies,planet_saturn,planet,20,1,LOW,,67.9
south east main door vastu remedies,problem_spiritual_protection,problem,20,1,LOW,,67.9
south west corner extended plot vastu remedies,problem_spiritual_protection,problem,20,1,LOW,,67.9
south west extended plot vastu remedies,problem_spiritual_protection,problem,20,1,LOW,,67.9
t junction house vastu remedies,problem_spiritual_protection,problem,20,1,LOW,,67.9
vastu remedies for bad neighbours,problem_spiritual_protection,problem,20,1,LOW,,67.9
vastu remedies for rented house,problem_spiritual_protection,problem,20,1,LOW,,67.9
vastu remedies for selling house,problem_spiritual_protection,problem,20,1,LOW,,67.9
venus in virgo remedies,planet_venus,planet,20,1,LOW,,67.9
weak shukra remedies,planet_venus,planet,20,1,LOW,,67.9
west side kitchen vastu remedies,problem_spiritual_protection,problem,20,1,LOW,,67.9
ketu graha remedies,planet_ketu,planet,20,2,LOW,,67.7
ketu in 7th house marriage remedies,ketu_relationships,combination,20,2,LOW,,67.7
ketu mahadasha moon antardasha remedies,planet_moon,planet,20,2,LOW,,67.7
ketu mahadasha saturn antardasha remedies,planet_saturn,planet,20,2,LOW,,67.7
lal kitab remedies for ketu in 10th house,planet_ketu,planet,20,2,LOW,,67.7
lal kitab remedies for ketu in 5th house,planet_ketu,planet,20,2,LOW,,67.7
lal kitab remedies for mars in 8th house,planet_mars,planet,20,2,LOW,,67.7
lal kitab remedies for rahu in 8th house,planet_rahu,planet,20,2,LOW,,67.7
malefic saturn remedies,planet_saturn,planet,20,2,LOW,,67.7
rahu in first house remedies,planet_rahu,planet,20,2,LOW,,67.7
rahu mahadasha and ketu antardasha remedies,planet_rahu,planet,20,2,LOW,,67.7
rahu mahadasha mercury antardasha remedies,planet_mercury,planet,20,2,LOW,,67.7
rahu remedies for health,rahu_health,combination,20,2,LOW,,67.7
rahu shani remedies,planet_saturn,planet,20,2,LOW,,67.7
salt remedy for evil eye,problem_health,problem,20,2,LOW,,67.7
saturn and rahu in 5th house remedies,planet_saturn,planet,20,2,LOW,,67.7
south slope vastu remedies,problem_spiritual_protection,problem,20,2,LOW,,67.7
4th house rahu remedies,planet_rahu,planet,20,3,LOW,,67.5
lal kitab remedies for combust venus,planet_venus,planet,20,3,LOW,,67.5
lal kitab remedies for rahu in 7th house,planet_rahu,planet,20,3,LOW,,67.5
mangal dasha remedies,planet_mars,planet,20,3,LOW,,67.5
mercury mahadasha saturn antardasha remedies,planet_mercury,planet,20,3,LOW,,67.5
rahu mahadasha mangal antardasha remedies,planet_mars,planet,20,3,LOW,,67.5
remedies of saturn,planet_saturn,planet,20,3,LOW,,67.5
south east facing house vastu remedies,problem_spiritual_protection,problem,20,3,LOW,,67.5
vastu remedies for toilet in south west direction,problem_spiritual_protection,problem,20,3,LOW,,67.5
vastu remedies for peace at home,problem_spiritual_protection,problem,30,25,LOW,,67.3
lal kitab remedies for rahu in 5th house,planet_rahu,planet,20,4,LOW,,67.3
mars remedies for marriage,mars_relationships,combination,20,4,LOW,,67.3
jupiter mahadasha saturn antardasha remedies,planet_jupiter,planet,20,5,LOW,0.01,67.1
south kitchen vastu remedies,problem_spiritual_protection,problem,20,5,LOW,,67.1
north east kitchen vastu remedies and tips,problem_spiritual_protection,problem,20,6,LOW,,66.9
rahu remedies for marriage,rahu_relationships,combination,20,7,LOW,,66.7
best remedies for shani sade sati,planet_saturn,planet,20,7,LOW,,66.7
vastu remedies for good health,problem_health,problem,20,7,LOW,,66.7
remedies to remove negative energy from home,problem_spiritual_protection,problem,50,58,MEDIUM,0.22,66.5
south west vastu dosh remedies,problem_spiritual_protection,problem,20,8,LOW,,66.5
astrology career chart,problem_career,problem,70,0,LOW,,66.3
best vastu remedies for home,problem_spiritual_protection,problem,30,31,LOW,0.05,66.2
foreign settlement after marriage astrology,problem_relationships,problem,70,5,LOW,0.38,66
kitchen vastu dosh remedies,problem_spiritual_protection,problem,20,11,LOW,,65.9
south direction vastu remedies,problem_spiritual_protection,problem,20,12,LOW,,65.7
remedies for vastu dosh in house,problem_spiritual_protection,problem,50,62,MEDIUM,0.14,65.6
north west corner vastu remedies,problem_spiritual_protection,problem,20,14,LOW,,65.3
vastu remedies for office desk,problem_spiritual_protection,problem,30,36,MEDIUM,,65.1
rahu vastu remedies,rahu_spiritual_protection,combination,20,15,LOW,,65.1
home remedies for vastu dosh,problem_spiritual_protection,problem,30,37,MEDIUM,,64.9
north toilet vastu remedy,problem_spiritual_protection,problem,20,16,LOW,,64.9
saturn remedies for marriage,saturn_relationships,combination,20,16,LOW,,64.9
lal kitab remedies for husband wife relationship,problem_relationships,problem,20,23,LOW,0.59,64.6
vastu remedies products,problem_spiritual_protection,problem,90,100,HIGH,0.13,64.2
east cut vastu remedies,problem_spiritual_protection,problem,20,21,LOW,,63.9
best remedy for shani dosha,planet_saturn,planet,20,23,LOW,,63.5
north side toilet vastu remedy,problem_spiritual_protection,problem,20,23,LOW,,63.5
vastu remedies for shop,problem_spiritual_protection,problem,20,23,LOW,,63.5
southeast vastu remedies,problem_spiritual_protection,problem,20,26,LOW,,62.9
cancer astrology career,problem_career,problem,50,0,LOW,,62.7
mars profession in astrology,mars_career,combination,50,0,LOW,,62.7
varahi career astrology,problem_career,problem,50,0,LOW,,62.7
south west cut vastu remedies,problem_spiritual_protection,problem,40,65,MEDIUM,0.21,62.7
brahmasthan vastu dosh remedy,problem_spiritual_protection,problem,30,49,MEDIUM,0.13,62.7
vedic astrology career reading,problem_career,problem,50,2,LOW,,62.3
career in politics astrology,problem_career,problem,50,3,LOW,0.05,62.2
political career astrology,problem_career,problem,50,3,LOW,0.05,62.2
political career in astrology,problem_career,problem,50,3,LOW,0.05,62.2
mahavastu village scene vastu remedy painting,problem_spiritual_protection,problem,70,96,HIGH,0.02,62.1
lal kitab remedies for foreign settlement,problem_travel,problem,20,31,LOW,,61.9
vastu crystal remedies,problem_spiritual_protection,problem,20,31,LOW,,61.9
government job astrology by date of birth,problem_career,problem,70,24,LOW,0.13,61.7
job in astrology call center,problem_career,problem,50,5,LOW,0.01,61.7
north west vastu remedies,problem_spiritual_protection,problem,50,80,HIGH,0.02,61.7
free astrology for job,problem_career,problem,90,39,MEDIUM,0.21,61.6
career according to astrology,problem_career,problem,70,26,LOW,0.23,61.5
profession according to astrology,problem_career,problem,70,26,LOW,0.23,61.5
north west cut vastu remedies,problem_spiritual_protection,problem,20,34,MEDIUM,,61.3
remedies for vastu dosh in toilet,problem_spiritual_protection,problem,20,34,MEDIUM,0.01,61.3
remedies for rahu moon conjunction,planet_moon,planet,10,7,LOW,0.85,61.3
career astrology vedic,problem_career,problem,50,10,LOW,0.25,61.2
north east vastu remedies,problem_spiritual_protection,problem,50,84,HIGH,0.12,61.1
health astrology remedies,problem_health,problem,10,0,LOW,,61
amavasya remedies for rahu,planet_rahu,planet,10,0,LOW,,61
badhak graha remedies,core_remedies,hub,10,0,LOW,,61
budh graha shanti mantra,planet_mercury,planet,10,0,LOW,,61
budh in 12th house remedies,planet_mercury,planet,10,0,LOW,,61
chandra mangal dosha remedies,planet_moon,planet,10,0,LOW,,61
dhumavati mantra for ketu,planet_ketu,planet,10,0,LOW,,61
durga mantra for rahu kalam,planet_rahu,planet,10,0,LOW,,61
east staircase vastu remedy,problem_spiritual_protection,problem,10,0,LOW,,61
evil eye removal home remedies,problem_health,problem,10,0,LOW,,61
guru graha japa mantra,planet_jupiter,planet,10,0,LOW,,61
guru mahadasha rahu antardasha remedies,planet_jupiter,planet,10,0,LOW,,61
guru planet remedies,planet_jupiter,planet,10,0,LOW,,61
guru shanti graha mantra,planet_jupiter,planet,10,0,LOW,,61
home remedies for wealth and prosperity,problem_finance_property,problem,10,0,LOW,,61
jupiter in 11th house remedies,planet_jupiter,planet,10,0,LOW,,61
jupiter in 2nd house remedies,planet_jupiter,planet,10,0,LOW,,61
jupiter mahadasha mercury antardasha remedies,planet_mercury,planet,10,0,LOW,,61
jupiter mahadasha moon antardasha remedies,planet_moon,planet,10,0,LOW,,61
jupiter rahu dasha remedies,planet_jupiter,planet,10,0,LOW,,61
jupiter remedies astrosage,planet_jupiter,planet,10,0,LOW,,61
jupiter remedies vedic astrology,planet_jupiter,planet,10,0,LOW,,61
ketu mahadasha mercury antardasha remedies,planet_mercury,planet,10,0,LOW,,61
ketu mahadasha shani antardasha remedies,planet_saturn,planet,10,0,LOW,,61
ketu mantra for health,ketu_health,combination,10,0,LOW,,61
ketu mantra for marriage,ketu_relationships,combination,10,0,LOW,,61
ketu moon conjunction remedies,planet_moon,planet,10,0,LOW,,61
ketu remedies astrology,planet_ketu,planet,10,0,LOW,,61
ketu remedy stone,planet_ketu,planet,10,0,LOW,,61
kitchen in north direction vastu remedies,problem_spiritual_protection,problem,10,0,LOW,,61
kitchen in south west vastu remedies,problem_spiritual_protection,problem,10,0,LOW,,61
kitchen in west direction vastu remedies,problem_spiritual_protection,problem,10,0,LOW,,61
lal kitab moon remedies,planet_moon,planet,10,0,LOW,,61
lal kitab remedies for budh,planet_mercury,planet,10,0,LOW,,61
lal kitab remedies for job interview,problem_career,problem,10,0,LOW,,61
lal kitab remedies for rahu mahadasha in hindi,planet_rahu,planet,10,0,LOW,,61
lal kitab remedies for shukra graha,planet_venus,planet,10,0,LOW,,61
lal kitab remedies for venus in 8th house,planet_venus,planet,10,0,LOW,,61
lal kitab remedies for weak jupiter,planet_jupiter,planet,10,0,LOW,,61
lal kitab saturn remedies,planet_saturn,planet,10,0,LOW,,61
lord saturn mantra,planet_saturn,planet,10,0,LOW,,61
mahavastu remedies for marriage,problem_relationships,problem,10,0,LOW,,61
malefic ketu remedies,planet_ketu,planet,10,0,LOW,,61
malefic mars remedies,planet_mars,planet,10,0,LOW,,61
mangal grah dosh nivaran mantra,planet_mars,planet,10,0,LOW,,61
mantra for rahu dosha,planet_rahu,planet,10,0,LOW,,61
mars in 1st house remedies,planet_mars,planet,10,0,LOW,,61
mars in 7th house woman remedies,planet_mars,planet,10,0,LOW,,61
mars mahadasha ketu antardasha remedies,planet_mars,planet,10,0,LOW,,61
mars retrograde remedies,planet_mars,planet,10,0,LOW,,61
moon in scorpio remedies,planet_moon,planet,10,0,LOW,,61
moon mahadasha venus antardasha remedies,planet_moon,planet,10,0,LOW,,61
moon rahu dasha remedies,planet_moon,planet,10,0,LOW,,61
north bedroom vastu remedies,problem_spiritual_protection,problem,10,0,LOW,,61
north east corner bedroom vastu remedies,problem_spiritual_protection,problem,10,0,LOW,,61
north east kitchen vastu dosh remedies,problem_spiritual_protection,problem,10,0,LOW,,61
northeast bedroom vastu remedies,problem_spiritual_protection,problem,10,0,LOW,,61
rahu dasa rahu bhukti remedies,planet_rahu,planet,10,0,LOW,,61
rahu dasha remedies in hindi,planet_rahu,planet,10,0,LOW,,61
rahu dasha shani bhukti remedies,planet_saturn,planet,10,0,LOW,,61
rahu dosha nivarana mantra,planet_rahu,planet,10,0,LOW,,61
rahu dosha remedies in telugu,planet_rahu,planet,10,0,LOW,,61
rahu home remedies,planet_rahu,planet,10,0,LOW,,61
rahu in 12th house female remedies,planet_rahu,planet,10,0,LOW,,61
rahu in 12th house remedies in hindi,planet_rahu,planet,10,0,LOW,,61
rahu in 8th house marriage remedies,rahu_relationships,combination,10,0,LOW,,61
rahu ketu dosha parihara mantra,planet_rahu,planet,10,0,LOW,,61
rahu ketu remedies for marriage,rahu_relationships,combination,10,0,LOW,,61
rahu ketu transit remedies,planet_rahu,planet,10,0,LOW,,61
rahu mahadasha chandra antardasha remedies,planet_moon,planet,10,0,LOW,,61
rahu mahadasha shukra antardasha remedies,planet_venus,planet,10,0,LOW,,61
rahu mantra for going abroad,rahu_travel,combination,10,0,LOW,,61
rahu mantra for share market,planet_rahu,planet,10,0,LOW,,61
rahu remedies for students,planet_rahu,planet,10,0,LOW,,61
rahu upay mantra,planet_rahu,planet,10,0,LOW,,61
rahu venus dasha remedies,planet_venus,planet,10,0,LOW,,61
remedies for chandra grahan dosh in kundli,planet_moon,planet,10,0,LOW,,61
remedies for jupiter saturn conjunction,planet_jupiter,planet,10,0,LOW,,61
remedies for mangal in 12th house,planet_mars,planet,10,0,LOW,,61
remedies for mars ketu conjunction,planet_mars,planet,10,0,LOW,,61
remedies for moon in 4th house,planet_moon,planet,10,0,LOW,,61
remedies for moon in astrology,planet_moon,planet,10,0,LOW,,61
remedies for saturn in 4th house,planet_saturn,planet,10,0,LOW,,61
remedies for saturn moon conjunction,planet_moon,planet,10,0,LOW,,61
remedies for surya graha,planet_sun,planet,10,0,LOW,,61
remedies for weak saturn,planet_saturn,planet,10,0,LOW,,61
remedies of shukra graha,planet_venus,planet,10,0,LOW,,61
remedies of south east vastu defects,problem_spiritual_protection,problem,10,0,LOW,,61
remedies to remove negative energy,problem_spiritual_protection,problem,10,0,LOW,,61
remedies to remove negative energy from house,problem_spiritual_protection,problem,10,0,LOW,,61
remedy for mangal grah,planet_mars,planet,10,0,LOW,,61
remedy for south east extended plot vastu,problem_spiritual_protection,problem,10,0,LOW,,61
saturn in cancer remedies,planet_saturn,planet,10,0,LOW,,61
saturn mahadasha sun antardasha remedies,planet_sun,planet,10,0,LOW,,61
saturn moon conjunction in 1st house remedies,planet_moon,planet,10,0,LOW,,61
saturn remedies for health,saturn_health,combination,10,0,LOW,,61
shani chandra yuti remedies,planet_moon,planet,10,0,LOW,,61
shani dasha mantra,planet_saturn,planet,10,0,LOW,,61
shani dosha parihara mantra,planet_saturn,planet,10,0,LOW,,61
shani graha mantra in hindi,planet_saturn,planet,10,0,LOW,,61
shani mahadasha ketu antardasha remedies,planet_saturn,planet,10,0,LOW,,61
shani mahadasha remedies in hindi,planet_saturn,planet,10,0,LOW,,61
shani mahadasha venus antardasha remedies,planet_venus,planet,10,0,LOW,,61
shani mantra for joint pain,saturn_health,combination,10,0,LOW,,61
shukra dasha rahu bhukti remedies,planet_venus,planet,10,0,LOW,,61
shukra gayatri mantra for diabetes,planet_venus,planet,10,0,LOW,,61
shukra graha dosha remedies in telugu,planet_venus,planet,10,0,LOW,,61
shukra graha powerful mantra,planet_venus,planet,10,0,LOW,,61
shukra in 8th house remedies,planet_venus,planet,10,0,LOW,,61
shukra mahadasha shani antardasha remedies,planet_venus,planet,10,0,LOW,,61
shukra mantra for wealth in english,venus_finance_property,combination,10,0,LOW,,61
shukra mantra to marry immediately,planet_venus,planet,10,0,LOW,,61
shukra markesh remedies,planet_venus,planet,10,0,LOW,,61
shukra stambhan mantra,planet_venus,planet,10,0,LOW,,61
south backyard vastu remedies,problem_spiritual_protection,problem,10,0,LOW,,61
south east corner extended plot vastu remedies,problem_spiritual_protection,problem,10,0,LOW,,61
south east door vastu remedies,problem_spiritual_protection,problem,10,0,LOW,,61
south east extended house vastu remedies,problem_spiritual_protection,problem,10,0,LOW,,61
south east facing main door vastu remedies,problem_spiritual_protection,problem,10,0,LOW,,61
south east living room vastu remedies,problem_spiritual_protection,problem,10,0,LOW,,61
south extended plot vastu remedies,problem_spiritual_protection,problem,10,0,LOW,,61
south facing main door vastu remedies in hindi,problem_spiritual_protection,problem,10,0,LOW,,61
south main door vastu remedies,problem_spiritual_protection,problem,10,0,LOW,,61
south side balcony vastu remedies,problem_spiritual_protection,problem,10,0,LOW,,61
south vastu dosh remedies,problem_spiritual_protection,problem,10,0,LOW,,61
south west facing main door vastu remedies in hindi,problem_spiritual_protection,problem,10,0,LOW,,61
south west toilet vastu remedies in telugu,problem_spiritual_protection,problem,10,0,LOW,,61
southwest facing house vastu remedies,problem_spiritual_protection,problem,10,0,LOW,,61
stairs vastu dosh remedies,problem_spiritual_protection,problem,10,0,LOW,,61
sun and rahu in same house remedies,planet_sun,planet,10,0,LOW,,61
sun and saturn conjunction remedies,planet_sun,planet,10,0,LOW,,61
sun remedies vedic astrology,planet_sun,planet,10,0,LOW,,61
t point vastu remedies,problem_spiritual_protection,problem,10,0,LOW,,61
tantric remedies for rahu,planet_rahu,planet,10,0,LOW,,61
toilet in south east vastu remedies,problem_spiritual_protection,problem,10,0,LOW,,61
toilet in south west corner vastu remedy,problem_spiritual_protection,problem,10,0,LOW,,61
trinity vastu remedies,problem_spiritual_protection,problem,10,0,LOW,,61
vastu dosh remedies for north east toilet,problem_spiritual_protection,problem,10,0,LOW,,61
vastu dosh remedies for north east toilet in hindi,problem_spiritual_protection,problem,10,0,LOW,,61
vastu dosh remedies for west facing house,problem_spiritual_protection,problem,10,0,LOW,,61
vastu remedies for couple quarrel,problem_spiritual_protection,problem,10,0,LOW,,61
vastu remedies for debts,problem_spiritual_protection,problem,10,0,LOW,,61
vastu remedies for financial problems,problem_finance_property,problem,10,0,LOW,,61
vastu remedies for happy married life,problem_relationships,problem,10,0,LOW,,61
vastu remedies for irregular plot,problem_spiritual_protection,problem,10,0,LOW,,61
vastu remedies for north east toilet hindi,problem_spiritual_protection,problem,10,0,LOW,,61
vastu remedies for north west bedroom,problem_spiritual_protection,problem,10,0,LOW,,61
vastu remedies for overhead tank,problem_spiritual_protection,problem,10,0,LOW,,61
vastu remedies for overhead water tank in south east,problem_spiritual_protection,problem,10,0,LOW,,61
vastu remedies for promotion,problem_career,problem,10,0,LOW,,61
vastu remedies for quarrels,problem_spiritual_protection,problem,10,0,LOW,,61
vastu remedies for septic tank in north east,problem_spiritual_protection,problem,10,0,LOW,,61
vastu remedies for south east pooja room,problem_spiritual_protection,problem,10,0,LOW,,61
vastu remedies for south east well,problem_spiritual_protection,problem,10,0,LOW,,61
vastu remedies for south facing house in hindi,problem_spiritual_protection,problem,10,0,LOW,,61
vastu remedies for south west corner cut,problem_spiritual_protection,problem,10,0,LOW,,61
vastu remedies for south west corner toilet,problem_spiritual_protection,problem,10,0,LOW,,61
vastu remedies for south west facing kitchen,problem_spiritual_protection,problem,10,0,LOW,,61
vastu remedies for staircase in brahmasthan,problem_spiritual_protection,problem,10,0,LOW,,61
vastu remedies for stomach problems,problem_spiritual_protection,problem,10,0,LOW,,61
vastu remedies for toilet in north direction in hindi,problem_spiritual_protection,problem,10,0,LOW,,61
vastu remedies for underground water tank in south east,problem_spiritual_protection,problem,10,0,LOW,,61
vastu remedies for west balcony,problem_spiritual_protection,problem,10,0,LOW,,61
vastu remedies for wrong kitchen,problem_spiritual_protection,problem,10,0,LOW,,61
vastu remedies in telugu,problem_spiritual_protection,problem,10,0,LOW,,61
vastu remedies north east toilet,problem_spiritual_protection,problem,10,0,LOW,,61
vastu remedy for bad dreams,problem_spiritual_protection,problem,10,0,LOW,,61
vastu remedy for shermukhi plot,problem_spiritual_protection,problem,10,0,LOW,,61
vastu remedy for staircase in east,problem_spiritual_protection,problem,10,0,LOW,,61
vastu remedy for staircase in north,problem_spiritual_protection,problem,10,0,LOW,,61
vastu remedy for swimming pool in southwest,problem_spiritual_protection,problem,10,0,LOW,,61
vastu tips and remedies,problem_spiritual_protection,problem,10,0,LOW,,61
vedic mantra of moon,planet_moon,planet,10,0,LOW,,61
vedic mantra of rahu,planet_rahu,planet,10,0,LOW,,61
venus debilitated in virgo remedies,planet_venus,planet,10,0,LOW,,61
venus mahadasha moon antardasha remedies,planet_moon,planet,10,0,LOW,,61
venus shukra remedies,planet_venus,planet,10,0,LOW,,61
weak moon remedies lal kitab,planet_moon,planet,10,0,LOW,,61
weak shani remedies,planet_saturn,planet,10,0,LOW,,61
west balcony vastu remedies,problem_spiritual_protection,problem,10,0,LOW,,61
west facing door vastu remedies,problem_spiritual_protection,problem,10,0,LOW,,61
west facing kitchen vastu remedies,problem_spiritual_protection,problem,10,0,LOW,,61
west facing main door vastu remedies,problem_spiritual_protection,problem,10,0,LOW,,61
west facing main door vastu remedies in hindi,problem_spiritual_protection,problem,10,0,LOW,,61
west side balcony vastu remedies,problem_spiritual_protection,problem,10,0,LOW,,61
west slope vastu remedies,problem_spiritual_protection,problem,10,0,LOW,,61
political career astrology by date of birth free,problem_career,problem,70,28,LOW,0.12,60.9
astrology remedies for career,problem_career,problem,10,1,LOW,,60.8
best remedy for rahu and ketu,planet_rahu,planet,10,1,LOW,,60.8
for rahu remedy,planet_rahu,planet,10,1,LOW,,60.8
lal kitab remedies for rahu in 1st house,planet_rahu,planet,10,1,LOW,,60.8
lal kitab remedies for selling property,problem_finance_property,problem,10,1,LOW,,60.8
mirror remedy vastu,problem_spiritual_protection,problem,10,1,LOW,,60.8
north west corner extended plot vastu remedies,problem_spiritual_protection,problem,10,1,LOW,,60.8
northeast staircase vastu remedy,problem_spiritual_protection,problem,10,1,LOW,,60.8
remedies for debilitated jupiter in capricorn,planet_jupiter,planet,10,1,LOW,,60.8
remedies for moon rahu conjunction,planet_moon,planet,10,1,LOW,,60.8
saturn 4th house remedies,planet_saturn,planet,10,1,LOW,,60.8
south west slope vastu remedies,problem_spiritual_protection,problem,10,1,LOW,,60.8
vastu remedies for wrong toilet,problem_spiritual_protection,problem,10,1,LOW,,60.8
foreign astrology,problem_travel,problem,50,12,LOW,0.19,60.7
vastu remedies for south facing kitchen platform,problem_spiritual_protection,problem,10,2,LOW,0.01,60.7
chandra mahadasha rahu antardasha remedies,planet_moon,planet,10,2,LOW,,60.6
easy remedies for rahu,planet_rahu,planet,10,2,LOW,,60.6
garage in north east vastu remedy,problem_spiritual_protection,problem,10,2,LOW,,60.6
home remedies for rahu,planet_rahu,planet,10,2,LOW,,60.6
home remedies for rahu ketu dosha,planet_rahu,planet,10,2,LOW,,60.6
lal kitab jupiter remedies,planet_jupiter,planet,10,2,LOW,,60.6
lal kitab remedies for evil eye,problem_health,problem,10,2,LOW,,60.6
mars and saturn in 7th house remedies,planet_mars,planet,10,2,LOW,,60.6
moon mahadasha ketu antardasha remedies,planet_moon,planet,10,2,LOW,,60.6
rahu remedies for job,rahu_career,combination,10,2,LOW,,60.6
rahu shani dasha remedies,planet_saturn,planet,10,2,LOW,,60.6
remedies for weak moon in vedic astrology,planet_moon,planet,10,2,LOW,,60.6
shani rahu dasha remedies,planet_saturn,planet,10,2,LOW,,60.6
shani remedy astrology,planet_saturn,planet,10,2,LOW,,60.6
vastu remedies for north east garage,problem_spiritual_protection,problem,10,2,LOW,,60.6
south west main door vastu remedies,problem_spiritual_protection,problem,40,75,HIGH,0.08,60.5
best remedy for rahu in 8th house,planet_rahu,planet,10,3,LOW,0.01,60.5
ketu mahadasha remedies in hindi,planet_ketu,planet,10,3,LOW,,60.4
lal kitab remedies for mercury in 12th house,planet_mercury,planet,10,3,LOW,,60.4
mantra to remove rahu dosha,planet_rahu,planet,10,3,LOW,,60.4
rahu and shani remedies,planet_saturn,planet,10,8,LOW,0.46,60.4
rahu in sagittarius remedies,planet_rahu,planet,10,3,LOW,,60.4
remedies for rahu mahadasha and shani antardasha,planet_saturn,planet,10,3,LOW,,60.4
remedies for vastu defects,problem_spiritual_protection,problem,10,3,LOW,,60.4
remedy for wrong vastu house,problem_spiritual_protection,problem,10,3,LOW,,60.4
saturn remedies vedic astrology,planet_saturn,planet,10,3,LOW,,60.4
south door vastu remedies,problem_spiritual_protection,problem,10,3,LOW,,60.4
south west facing house vastu remedies,problem_spiritual_protection,problem,10,3,LOW,,60.4
vastu defects and remedies,problem_spiritual_protection,problem,10,3,LOW,,60.4
vastu remedy for north east septic tank,problem_spiritual_protection,problem,10,3,LOW,,60.4
mars career astrology,mars_career,combination,40,0,LOW,,60.3
north east vastu dosh remedies,problem_spiritual_protection,problem,20,39,MEDIUM,,60.3
rahu dosha parihara mantra,planet_rahu,planet,10,4,LOW,,60.2
rahu ke remedies,planet_rahu,planet,10,4,LOW,,60.2
rahu weak remedies,planet_rahu,planet,10,4,LOW,,60.2
remedies for shani antardasha,planet_saturn,planet,10,4,LOW,,60.2
remedies for weak venus in astrology,planet_venus,planet,10,4,LOW,,60.2
saturn dosha remedies,planet_saturn,planet,10,4,LOW,,60.2
south east bedroom remedy according to vastu,problem_spiritual_protection,problem,10,4,LOW,,60.2
south west extension vastu remedies,problem_spiritual_protection,problem,10,4,LOW,,60.2
south west main entrance vastu remedies,problem_spiritual_protection,problem,10,4,LOW,,60.2
sun mahadasha ketu antardasha remedies,planet_sun,planet,10,4,LOW,,60.2
vastu dosh remedies for home in hindi,problem_spiritual_protection,problem,10,4,LOW,,60.2
vastu remedies in hindi,problem_spiritual_protection,problem,10,4,LOW,,60.2
vedic remedies for marriage,problem_relationships,problem,10,4,LOW,,60.2
vastu tape remedies,problem_spiritual_protection,problem,50,88,HIGH,0.03,60.1
home remedies for rahu dosha,planet_rahu,planet,10,5,LOW,,60
home remedies to remove negative energy,problem_spiritual_protection,problem,10,5,LOW,,60
jupiter mahadasha shani antardasha remedies,planet_jupiter,planet,10,5,LOW,,60
lal kitab remedies for rahu in 4th house,planet_rahu,planet,10,5,LOW,,60
lal kitab remedies for weak venus,planet_venus,planet,10,5,LOW,,60
mangal in 12th house remedies,planet_mars,planet,10,5,LOW,,60
rahu remedies for career,rahu_career,combination,10,5,LOW,,60
remedies for ketu mahadasha in lal kitab,planet_ketu,planet,10,5,LOW,,60
remedy of rahu dosha,planet_rahu,planet,10,5,LOW,,60
south facing door vastu remedy,problem_spiritual_protection,problem,10,5,LOW,,60
south west corner kitchen vastu remedies,problem_spiritual_protection,problem,10,5,LOW,,60
astrology for future career,problem_career,problem,40,4,LOW,0.2,59.9
astrology future career,problem_career,problem,40,4,LOW,0.2,59.9
most effective remedy for rahu,planet_rahu,planet,10,6,LOW,0.02,59.9
abroad settlement in astrology,problem_travel,problem,40,3,LOW,0.02,59.8
lal kitab remedies for mangal dosha,planet_mars,planet,10,6,LOW,,59.8
rahu in 7th house marriage remedies,rahu_relationships,combination,10,6,LOW,,59.8
remedies for rahu mahadasha and ketu antardasha,planet_rahu,planet,10,6,LOW,0,59.8
remedy for south entrance in vastu,problem_spiritual_protection,problem,10,6,LOW,,59.8
vastu remedy for south east water tank,problem_spiritual_protection,problem,10,7,LOW,0.04,59.7
best remedies for ketu mahadasha,planet_ketu,planet,10,7,LOW,,59.6
east vastu dosh and remedies,problem_spiritual_protection,problem,10,7,LOW,,59.6
mangal in 8th house remedies,planet_mars,planet,10,7,LOW,,59.6
rahu in scorpio remedies,planet_rahu,planet,10,7,LOW,,59.6
remedies for rahu in hindi,planet_rahu,planet,10,7,LOW,,59.6
astrology career by date of birth,problem_career,problem,50,16,LOW,0.01,59.5
neech shukra remedies,planet_venus,planet,10,8,LOW,0.02,59.5
rahu ketu pooja mantra,planet_rahu,planet,10,8,LOW,,59.4
remedies for rahu mahadasha and rahu antardasha,planet_rahu,planet,10,8,LOW,,59.4
shani sade sati remedies lal kitab,planet_saturn,planet,10,9,LOW,0.01,59.3
rahu mahadasha guru antardasha remedies,planet_jupiter,planet,10,9,LOW,,59.2
south facing entrance vastu remedies,problem_spiritual_protection,problem,10,9,LOW,,59.2
astrology and profession,problem_career,problem,40,6,LOW,,59.1
lal kitab remedies for shani mahadasha,planet_saturn,planet,10,10,LOW,,59
mercury mahadasha jupiter antardasha remedies,planet_mercury,planet,10,10,LOW,,59
vastu dosh nivaran remedies,problem_spiritual_protection,problem,10,10,LOW,,59
rahu moon dasha remedies,planet_moon,planet,10,11,LOW,,58.8
remedies to please rahu,planet_rahu,planet,10,11,LOW,,58.8
remedies during rahu mahadasha,planet_rahu,planet,10,13,LOW,0.01,58.5
foreign travel astrology calculator free,problem_travel,problem,40,10,LOW,0.02,58.4
astrology for government job,problem_career,problem,50,22,LOW,0.01,58.3
career astrology by date of birth and time,problem_career,problem,50,25,LOW,0.25,58.2
evil eye effects remedies,problem_health,problem,10,14,LOW,,58.2
hindu remedies for evil eye,problem_health,problem,10,14,LOW,,58.2
rahu mahadasha remedies lal kitab,planet_rahu,planet,10,14,LOW,,58.2
rahu mars dasha remedies,planet_mars,planet,10,14,LOW,,58.2
rahu remedy stone,planet_rahu,planet,10,14,LOW,,58.2
remedy for shukra graha dosha,planet_venus,planet,10,14,LOW,,58.2
south east slope vastu remedies,problem_spiritual_protection,problem,10,14,LOW,,58.2
vastu remedies for toilet in west direction,problem_spiritual_protection,problem,10,14,LOW,,58.2
south west entrance door vastu remedies,problem_spiritual_protection,problem,10,15,LOW,,58
remedies for removing negative energy from home,problem_spiritual_protection,problem,10,16,LOW,0.01,57.9
remedies to remove evil eye,problem_health,problem,10,21,LOW,0.42,57.7
toilet north east vastu remedies,problem_spiritual_protection,problem,10,17,LOW,,57.6
ketu remedies vedic astrology,planet_ketu,planet,10,19,LOW,0.02,57.3
career through astrology,problem_career,problem,40,18,LOW,0.13,57
mercury remedies for marriage,mercury_relationships,combination,10,29,LOW,0.86,57
lal kitab remedies for vastu dosh,problem_spiritual_protection,problem,10,21,LOW,,56.8
rahu bhukti remedies,planet_rahu,planet,10,21,LOW,,56.8
career astrology reading,problem_career,problem,50,31,LOW,0.12,56.7
astrology government job,problem_career,problem,30,3,LOW,,56.7
shani remedies for marriage,saturn_relationships,combination,10,35,MEDIUM,1.34,56.7
remedy for negative energy at home,problem_spiritual_protection,problem,20,58,MEDIUM,0.04,56.5
southwest cut vastu remedy,problem_spiritual_protection,problem,20,58,MEDIUM,,56.5
career analysis astrology,problem_career,problem,50,33,MEDIUM,0.15,56.4
foreign travel astrology by date of birth,problem_travel,problem,40,20,LOW,0.05,56.4
vastu salt remedies,problem_spiritual_protection,problem,20,62,MEDIUM,0.25,56.2
southwest vastu remedies,problem_spiritual_protection,problem,20,61,MEDIUM,0.14,56.1
astrological career guidance,problem_career,problem,40,24,LOW,0.25,56
north vastu remedies,problem_spiritual_protection,problem,20,71,HIGH,0.56,55
negative energy remedies,problem_spiritual_protection,problem,10,37,MEDIUM,0.56,54.8
best remedy for evil eye,problem_health,problem,10,31,LOW,,54.8
home vastu remedies,problem_spiritual_protection,problem,10,31,LOW,,54.8
career guidance astrology,problem_career,problem,40,31,LOW,0.24,54.6
south east entrance vastu remedy,problem_spiritual_protection,problem,10,33,MEDIUM,,54.4
career as per astrology,problem_career,problem,30,16,LOW,0.09,54.3
lal kitab vastu remedies,problem_spiritual_protection,problem,10,36,MEDIUM,0.05,53.9
mahavastu remedies for health,problem_health,problem,10,36,MEDIUM,,53.8
vastu remedies for north west toilet,problem_spiritual_protection,problem,10,37,MEDIUM,,53.6
job problem solution by astrology,problem_career,problem,30,21,LOW,0.19,53.5
my career astrology,problem_career,problem,50,49,MEDIUM,0.27,53.4
job related astrology,problem_career,problem,40,38,MEDIUM,0.33,53.4
simple vastu remedies for home,problem_spiritual_protection,problem,10,38,MEDIUM,,53.4
foreign job in astrology,problem_career,problem,20,0,LOW,,53.1
moon career astrology,moon_career,combination,20,0,LOW,,53.1
moon related career in astrology,moon_career,combination,20,0,LOW,,53.1
vedic astrology foreign settlement,problem_travel,problem,20,0,LOW,,53.1
evil eye protection home remedies,problem_health,problem,10,43,MEDIUM,0.14,52.7
abroad settle astrology,problem_travel,problem,30,29,LOW,0.5,52.5
remedies for vastu dosha,problem_spiritual_protection,problem,10,43,MEDIUM,0.03,52.5
government job astrology in tamil,problem_career,problem,20,5,LOW,,52.1
encyclopedia of vedic astrology remedies,core_remedies,hub,10,45,MEDIUM,0.03,52.1
remedies for evil eye at home,problem_health,problem,10,45,MEDIUM,,52
career problem solution by astrology,problem_career,problem,20,7,LOW,,51.7
astrology by date of birth for government job,problem_career,problem,30,32,LOW,0.18,51.2
remedies for negative energy,problem_spiritual_protection,problem,10,51,MEDIUM,0.2,51.2
career finder astrology,problem_career,problem,20,10,LOW,0.01,51.1
career astrology free online,problem_career,problem,30,32,LOW,0.07,51
career astrology online,problem_career,problem,30,41,MEDIUM,0.98,51
graha remedies,core_remedies,hub,10,,,,51
ashoka pillar vastu remedies,problem_spiritual_protection,problem,10,,,,51
balcony in north west vastu remedies,problem_spiritual_protection,problem,10,,,,51
bedroom in north west vastu remedy,problem_spiritual_protection,problem,10,,,,51
bedroom vastu remedies,problem_spiritual_protection,problem,10,,,,51
chandra rahu grahan yoga remedy,planet_moon,planet,10,,,,51
diagonal house vastu remedies,problem_spiritual_protection,problem,10,,,,51
east bedroom vastu remedy,problem_spiritual_protection,problem,10,,,,51
effects of evil eye and its remedies,problem_health,problem,10,,,,51
jupiter in ardra nakshatra remedies,planet_jupiter,planet,10,,,,51
ketu antardasha in rahu mahadasha remedies,planet_rahu,planet,10,,,,51
khushdeep bansal vastu remedies,problem_spiritual_protection,problem,10,,,,51
lal kitab remedies for weak saturn,planet_saturn,planet,10,,,,51
mahavastu marriage delay remedies,problem_relationships,problem,10,,,,51
mercury and mars conjunction remedies,planet_mars,planet,10,,,,51
north east garage vastu remedies,problem_spiritual_protection,problem,10,,,,51
north kitchen vastu remedies and tips,problem_spiritual_protection,problem,10,,,,51
north west facing main door vastu remedies,problem_spiritual_protection,problem,10,,,,51
north west slope vastu remedies,problem_spiritual_protection,problem,10,,,,51
north west vastu dosh remedies,problem_spiritual_protection,problem,10,50,MEDIUM,,51
rahu dasa ketu bhukti remedies,planet_rahu,planet,10,,,,51
rahu dasha shukra bhukti remedies,planet_venus,planet,10,,,,51
rahu dosha nivaran mantra,planet_rahu,planet,10,,,,51
rahu dosha remedies in kannada,planet_rahu,planet,10,,,,51
rahu dosha remedies in malayalam,planet_rahu,planet,10,,,,51
remedies for budh graha,planet_mercury,planet,10,,,,51
remedies for delay in marriage due to saturn,saturn_relationships,combination,10,,,,51
remedies for guru mahadasha and rahu antardasha,planet_jupiter,planet,10,,,,51
remedies for strong mangal dosha,planet_mars,planet,10,,,,51
remedies for weak moon in kundli,planet_moon,planet,10,,,,51
remedies for weak shukra graha,planet_venus,planet,10,,,,51
sea shells vastu shastra remedy,problem_spiritual_protection,problem,10,,,,51
shani mahadasha remedies lal kitab,planet_saturn,planet,10,,,,51
shukra mantra for love marriage in hindi,venus_relationships,combination,10,,,,51
simple remedies for vastu dosh,problem_spiritual_protection,problem,10,,,,51
south east vastu doshas and remedies,problem_spiritual_protection,problem,10,,,,51
south west living room vastu remedies,problem_spiritual_protection,problem,10,,,,51
surya rahu grahan dosh nivaran mantra,planet_sun,planet,10,,,,51
toilet in south vastu remedy,problem_spiritual_protection,problem,10,,,,51
vastu dosh remedies for office,problem_spiritual_protection,problem,10,,,,51
vastu dosh remedies for south east toilet,problem_spiritual_protection,problem,10,,,,51
vastu dosh remedies for south facing house,problem_spiritual_protection,problem,10,,,,51
vastu remedies for early marriage,problem_relationships,problem,10,,,,51
vastu remedies for south east swimming pool,problem_spiritual_protection,problem,10,,,,51
vastu remedies for south east toilet in hindi,problem_spiritual_protection,problem,10,,,,51
vastu remedies for south slope,problem_spiritual_protection,problem,10,,,,51
vastu remedies for south west swimming pool,problem_spiritual_protection,problem,10,,,,51
vastu remedies for toilet in south direction in hindi,problem_spiritual_protection,problem,10,,,,51
vastu remedies for tree in front of house,problem_spiritual_protection,problem,10,,,,51
vastu remedy for beam in brahmasthan,problem_spiritual_protection,problem,10,,,,51
vastu remedy for l shaped house,problem_spiritual_protection,problem,10,,,,51
vastu remedy for moon,moon_spiritual_protection,combination,10,,,,51
vastu remedy for south facing windows,problem_spiritual_protection,problem,10,,,,51
vastu remedy for staircase in north west,problem_spiritual_protection,problem,10,,,,51
vastu remedy for swimming pool in south,problem_spiritual_protection,problem,10,,,,51
vastu remedy for swimming pool in southeast,problem_spiritual_protection,problem,10,,,,51
vastu remedy for swimming pool in west,problem_spiritual_protection,problem,10,,,,51
vastu slope remedies,problem_spiritual_protection,problem,10,,,,51
venus dasha saturn antardasha remedies,planet_venus,planet,10,,,,51
venus remedies for love marriage,venus_relationships,combination,10,,,,51
job promotion astrology,problem_career,problem,20,11,LOW,0.02,50.9
salt remedies for vastu,problem_spiritual_protection,problem,10,52,MEDIUM,,50.6
career analysis astrology free,problem_career,problem,30,35,MEDIUM,0.04,50.4
astrology by date of birth career,problem_career,problem,30,37,MEDIUM,0.11,50.1
lal kitab remedies for negative energy,problem_spiritual_protection,problem,10,56,MEDIUM,,49.8
vastu remedies for prosperity,problem_spiritual_protection,problem,10,56,MEDIUM,,49.8
vastu remedy for north west extension,problem_spiritual_protection,problem,10,59,MEDIUM,,49.2
north vastu dosh remedies,problem_spiritual_protection,problem,10,60,MEDIUM,0.03,49.1
remedies for negative energy in house,problem_spiritual_protection,problem,10,65,MEDIUM,0.37,48.8
vastu dosh remedies for south west toilet,problem_spiritual_protection,problem,10,62,MEDIUM,0.05,48.7
career based on astrology,problem_career,problem,20,30,LOW,0.18,47.4
career jyotish,problem_career,problem,20,32,LOW,0.36,47.4
remedies for vastu dosh in bedroom,problem_spiritual_protection,problem,10,69,HIGH,,47.2
south facing vastu remedies,problem_spiritual_protection,problem,10,71,HIGH,,46.8
astrology for getting job,problem_career,problem,20,35,MEDIUM,0.05,46.2
abroad travel astrology,problem_travel,problem,10,0,LOW,,46
acting career astrology,problem_career,problem,10,0,LOW,,46
acting career in astrology,problem_career,problem,10,0,LOW,,46
astrology a cosmic science the classic work on spiritual astrology,problem_spiritual_protection,problem,10,0,LOW,,46
astrology and spiritual awakening,problem_spiritual_protection,problem,10,0,LOW,,46
astrology as a profession,problem_career,problem,10,0,LOW,,46
astrology employment,problem_career,problem,10,0,LOW,,46
astrology for spiritual development,problem_spiritual_protection,problem,10,0,LOW,,46
astrology spiritual awakening,problem_spiritual_protection,problem,10,0,LOW,,46
bank job astrology,problem_career,problem,10,0,LOW,,46
cafe astrology career,problem_career,problem,10,0,LOW,,46
career according to houses in astrology,problem_career,problem,10,0,LOW,,46
career according to vedic astrology,problem_career,problem,10,0,LOW,,46
career analysis in vedic astrology,problem_career,problem,10,0,LOW,,46
career and finance astrology,problem_career,problem,10,0,LOW,,46
career astrology as per date of birth,problem_career,problem,10,0,LOW,,46
career astrology birth chart,problem_career,problem,10,0,LOW,,46
career astrology by dob,problem_career,problem,10,0,LOW,,46
career astrology in telugu,problem_career,problem,10,0,LOW,,46
career houses astrology,problem_career,problem,10,0,LOW,,46
career in acting astrology,problem_career,problem,10,0,LOW,,46
career in astrology chart,problem_career,problem,10,0,LOW,,46
career in film industry astrology,problem_career,problem,10,0,LOW,,46
career in finance astrology,problem_career,problem,10,0,LOW,,46
career in sports astrology,problem_career,problem,10,0,LOW,,46
career kp astrology,problem_career,problem,10,0,LOW,,46
career opportunities in astrology,problem_career,problem,10,0,LOW,,46
foreign chances in astrology,problem_travel,problem,10,0,LOW,,46
foreign settlement astrology in hindi,problem_travel,problem,10,0,LOW,,46
foreign settlement in vedic astrology,problem_travel,problem,10,0,LOW,,46
foreign tour astrology,problem_travel,problem,10,0,LOW,,46
foreign travel after marriage astrology,problem_relationships,problem,10,0,LOW,,46
foreign travel and settlement in astrology,problem_travel,problem,10,0,LOW,,46
foreign travel house astrology,problem_travel,problem,10,0,LOW,,46
foreign travel in vedic astrology,problem_travel,problem,10,0,LOW,,46
going abroad astrology,problem_travel,problem,10,0,LOW,,46
government job according to astrology,problem_career,problem,10,0,LOW,,46
government job astrology in telugu,problem_career,problem,10,0,LOW,,46
government job by astrology,problem_career,problem,10,0,LOW,,46
government job kp astrology,problem_career,problem,10,0,LOW,,46
govt job in kp astrology,problem_career,problem,10,0,LOW,,46
house of foreign settlement in astrology,problem_travel,problem,10,0,LOW,,46
house of foreign travel astrology,problem_travel,problem,10,0,LOW,,46
husband career astrology,problem_career,problem,10,0,LOW,,46
husband job astrology,problem_career,problem,10,0,LOW,,46
it career in astrology,problem_career,problem,10,0,LOW,,46
job astrology in telugu,problem_career,problem,10,0,LOW,,46
job in foreign astrology,problem_career,problem,10,0,LOW,,46
job in kp astrology,problem_career,problem,10,0,LOW,,46
job opportunities astrology,problem_career,problem,10,0,LOW,,46
job vedic astrology,problem_career,problem,10,0,LOW,,46
jyotish job,problem_career,problem,10,0,LOW,,46
kp astrology government job,problem_career,problem,10,0,LOW,,46
master ek spiritual astrology,problem_spiritual_protection,problem,10,0,LOW,,46
modeling career astrology,problem_career,problem,10,0,LOW,,46
moon profession astrology,moon_career,combination,10,0,LOW,,46
online astrology for job,problem_career,problem,10,0,LOW,,46
permanent settlement abroad astrology,problem_travel,problem,10,0,LOW,,46
settle abroad astrology,problem_travel,problem,10,0,LOW,,46
settle in foreign country astrology,problem_travel,problem,10,0,LOW,,46
settling abroad astrology,problem_travel,problem,10,0,LOW,,46
singing career astrology,problem_career,problem,10,0,LOW,,46
spiritual astrology master ek,problem_spiritual_protection,problem,10,0,LOW,,46
spiritual awakening astrology,problem_spiritual_protection,problem,10,0,LOW,,46
spiritual awakening in astrology,problem_spiritual_protection,problem,10,0,LOW,,46
sun career astrology,sun_career,combination,10,0,LOW,,46
teaching profession in astrology,problem_career,problem,10,0,LOW,,46
abroad chances in astrology,problem_travel,problem,10,1,LOW,,45.8
career in kp astrology,problem_career,problem,10,1,LOW,,45.8
free astrology career reading,problem_career,problem,10,2,LOW,0.04,45.7
career by astrology chart,problem_career,problem,10,2,LOW,,45.6
foreign opportunity astrology,problem_travel,problem,10,2,LOW,,45.6
kp astrology career,problem_career,problem,10,2,LOW,,45.6
profession in kp astrology,problem_career,problem,10,2,LOW,,45.6
foreign settlement vedic astrology,problem_travel,problem,10,3,LOW,,45.4
career related astrology,problem_career,problem,20,40,MEDIUM,0.08,45.2
astrology chart career,problem_career,problem,10,4,LOW,,45.2
free foreign travel astrology calculator,problem_travel,problem,10,4,LOW,,45.2
vastu remedies for south east entrance flat,problem_spiritual_protection,problem,10,80,HIGH,0.09,45.2
vedic career,problem_career,problem,10,4,LOW,,45.2
job jyotish,problem_career,problem,10,5,LOW,,45
my profession astrology,problem_career,problem,10,5,LOW,,45
career as per vedic astrology,problem_career,problem,10,6,LOW,,44.8
foreign job astrology,problem_career,problem,10,6,LOW,,44.8
profession as per astrology,problem_career,problem,10,6,LOW,,44.8
best career according to astrology,problem_career,problem,20,43,MEDIUM,0.13,44.7
career placements astrology,problem_career,problem,10,7,LOW,,44.6
kp astrology profession,problem_career,problem,10,7,LOW,,44.6
astrology for travelling abroad,problem_travel,problem,10,9,LOW,,44.2
government job as per astrology,problem_career,problem,10,9,LOW,,44.2
profession through astrology,problem_career,problem,10,9,LOW,,44.2
my future career astrology,problem_career,problem,10,14,LOW,0.45,44.1
government job jyotish,problem_career,problem,10,10,LOW,,44
sports career astrology,problem_career,problem,10,10,LOW,,44
abroad astrology,problem_travel,problem,10,12,LOW,0.14,43.9
foreign settlement astrology by date of birth,problem_travel,problem,10,11,LOW,0.01,43.9
job astrology tamil,problem_career,problem,10,11,LOW,0.01,43.9
vastu remedies online,problem_spiritual_protection,problem,10,90,HIGH,0.39,43.8
i want to know my career through astrology,problem_career,problem,20,50,MEDIUM,0.24,43.5
free astrology predictions for career in tamil,problem_career,problem,10,14,LOW,0.11,43.5
new job astrology,problem_career,problem,10,13,LOW,0.01,43.5
astrology for profession,problem_career,problem,10,14,LOW,0.05,43.3
future job astrology,problem_career,problem,10,14,LOW,0.01,43.3
not getting job astrology,problem_career,problem,10,16,LOW,0.24,43.3
foreign travel astrology by date of birth calculator,problem_travel,problem,10,14,LOW,,43.2
free career chart astrology,problem_career,problem,10,14,LOW,,43.2
education and career astrology,problem_career,problem,10,16,LOW,0.02,42.9
job according to astrology,problem_career,problem,10,17,LOW,0.07,42.8
career astrology based on date of birth,problem_career,problem,10,17,LOW,0.01,42.7
job as per astrology,problem_career,problem,10,20,LOW,0.31,42.7
career vedic astrology free,problem_career,problem,10,20,LOW,0.07,42.2
my future job astrology,problem_career,problem,10,25,LOW,0.01,41.1
pyramid for vastu remedies,problem_spiritual_protection,problem,10,100,HIGH,,41
business astrology free,problem_career,problem,10,29,LOW,0.32,40.9
job astrology in kannada,problem_career,problem,10,29,LOW,0.01,40.3
chances of settling abroad astrology,problem_travel,problem,10,29,LOW,,40.2
find career through astrology,problem_career,problem,10,29,LOW,,40.2
job and career astrology,problem_career,problem,10,29,LOW,,40.2
job astrology by date of birth in telugu,problem_career,problem,10,29,LOW,,40.2
best career for me according to astrology,problem_career,problem,10,31,LOW,0.03,39.9
career astrology malayalam,problem_career,problem,10,32,LOW,0.01,39.7
my career as per astrology,problem_career,problem,10,33,LOW,0.01,39.5
find my career astrology,problem_career,problem,10,48,MEDIUM,1.35,39.1
career astrology online free,problem_career,problem,10,36,MEDIUM,0.01,38.9
astrology for job seekers,problem_career,problem,10,36,MEDIUM,,38.8
career life astrology,problem_career,problem,10,39,MEDIUM,0.04,38.3
job astrology malayalam,problem_career,problem,10,39,MEDIUM,0.01,38.3
free astrology in telugu about career,problem_career,problem,10,40,MEDIUM,0.02,38.1
best career for me astrology,problem_career,problem,10,46,MEDIUM,0.16,37.2
astrology free career,problem_career,problem,10,46,MEDIUM,0.02,36.9
my career astrology free,problem_career,problem,10,48,MEDIUM,0.14,36.7
astrology for going abroad by date of birth,problem_travel,problem,10,48,MEDIUM,0.01,36.5
astrology for education and career,problem_career,problem,10,50,MEDIUM,0.17,36.4
know my career astrology,problem_career,problem,10,52,MEDIUM,0.29,36.2
a spiritual approach to astrology,problem_spiritual_protection,problem,10,,,,36
abroad going astrology,problem_travel,problem,10,,,,36
as per astrology when i will go abroad,problem_travel,problem,10,,,,36
astrology for foreign job,problem_career,problem,10,,,,36
astrology for going abroad,problem_travel,problem,10,,,,36
astrology foreign travel indicator,problem_travel,problem,10,,,,36
astrology mundane and spiritual,problem_spiritual_protection,problem,10,,,,36
astrology predictions for political career,problem_career,problem,10,,,,36
astrology related to career,problem_career,problem,10,,,,36
banking sector job astrology,problem_career,problem,10,,,,36
business astrology by date of birth in hindi,problem_career,problem,10,,,,36
career astrology by date of birth free in marathi,problem_career,problem,10,,,,36
career astrology by name,problem_career,problem,10,,,,36
career astrology reading free,problem_career,problem,10,,,,36
career astrology tamil,problem_career,problem,10,,,,36
career based on astrology chart,problem_career,problem,10,,,,36
career jyotish free,problem_career,problem,10,,,,36
career through astrology free,problem_career,problem,10,,,,36
education career astrology,problem_career,problem,10,,,,36
foreign settlement after marriage in astrology,problem_relationships,problem,10,,,,36
foreign travel astrology by date of birth free,problem_travel,problem,10,,,,36
foreign travel astrology by date of birth in hindi,problem_travel,problem,10,,,,36
free astrology predictions for career in hindi,problem_career,problem,10,,,,36
free indian career astrology by date of birth,problem_career,problem,10,,,,36
govt job astrology by date of birth free,problem_career,problem,10,,,,36
govt job astrology tamil,problem_career,problem,10,,,,36
jaimini astrology career,problem_career,problem,10,,,,36
job astrology in hindi,problem_career,problem,10,,,,36
job astrology in tamil,problem_career,problem,10,,,,36
job in abroad astrology,problem_career,problem,10,,,,36
job problem in astrology,problem_career,problem,10,,,,36
know career through astrology,problem_career,problem,10,,,,36
know your career through astrology,problem_career,problem,10,52,MEDIUM,0.17,36
marketing career astrology,problem_career,problem,10,,,,36
military career astrology,problem_career,problem,10,,,,36
my future job astrology by date of birth,problem_career,problem,10,,,,36
pilot career astrology,problem_career,problem,10,,,,36
profession in vedic astrology,problem_career,problem,10,,,,36
profession year astrology,problem_career,problem,10,,,,36
scorpio business astrology,problem_career,problem,10,,,,36
spiritual astrology reading,problem_spiritual_protection,problem,10,,,,36
spiritual design astrology,problem_spiritual_protection,problem,10,,,,36
spiritual moon astrology,moon_spiritual_protection,combination,10,,,,36
travel astrology by date of birth,problem_travel,problem,10,,,,36
know about career astrology,problem_career,problem,10,55,MEDIUM,0.27,35.6
my career according to astrology,problem_career,problem,10,52,MEDIUM,,35.6
career astrology by date of birth free in hindi,problem_career,problem,10,57,MEDIUM,0.01,34.7
find your career through astrology,problem_career,problem,10,57,MEDIUM,0.02,34.7
job career astrology,problem_career,problem,10,60,MEDIUM,0.32,34.7
want to know about my career through astrology,problem_career,problem,10,59,MEDIUM,0.25,34.7
career astrology in hindi,problem_career,problem,10,57,MEDIUM,0,34.6
know your career astrology,problem_career,problem,10,57,MEDIUM,,34.6
profession based on astrology,problem_career,problem,10,57,MEDIUM,,34.6
career according to astrology free,problem_career,problem,10,62,MEDIUM,0.1,33.8
astrology about career free,problem_career,problem,10,64,MEDIUM,,33.2
profession astrology by date of birth,problem_career,problem,10,71,HIGH,0.29,32.4
check foreign travel astrology online,problem_travel,problem,10,71,HIGH,0.06,32
best career based on astrology,problem_career,problem,10,71,HIGH,0.01,31.9
career astrology telugu,problem_career,problem,10,71,HIGH,0.01,31.9
my career astrology by date of birth free,problem_career,problem,10,71,HIGH,,31.8
career forecast astrology,problem_career,problem,10,86,HIGH,0.99,30.8
astrology about my job,problem_career,problem,10,80,HIGH,0.21,30.5
my job astrology,problem_career,problem,10,80,HIGH,0.21,30.5
career reading astrology free,problem_career,problem,10,86,HIGH,0.06,29
my career in astrology,problem_career,problem,10,86,HIGH,,28.8
marriage astrology remedies,problem_relationships,problem,0,,,,25
relationship astrology remedies,problem_relationships,problem,0,,,,25
money astrology remedies,problem_finance_property,problem,0,,,,25
education astrology remedies,problem_education,problem,0,,,,25
property astrology remedies,problem_finance_property,problem,0,,,,25
golden rules of vastu shastra remedies and solutions sumana paṇḍita,problem_spiritual_protection,problem,0,,,,25
ketu remedies by pawan sinha,planet_ketu,planet,0,,,,25
remedies of vastu dosh in hindi,problem_spiritual_protection,problem,0,,,,25
remedy for vastu defects in kitchen,problem_spiritual_protection,problem,0,,,,25
legal problems astrology,problem_finance_property,problem,0,,,,10
free spiritual astrology reading,problem_spiritual_protection,problem,0,,,,10
astrological solution for delay in marriage,problem_relationships,problem,0,,,,10
astrology for career by date of birth and time,problem_career,problem,0,,,,10
astrology for getting government job,problem_career,problem,0,,,,10
astrology free by date of birth career,problem_career,problem,0,,,,10
computer career astrology,problem_career,problem,0,,,,10
daily astrology spiritual,problem_spiritual_protection,problem,0,,,,10
free business astrology predictions,problem_career,problem,0,,,,10
jonathan waxman spiritual astrology,problem_spiritual_protection,problem,0,,,,10
jonny waxman spiritual astrology,problem_spiritual_protection,problem,0,,,,10
spiritual astrology free reports,problem_spiritual_protection,problem,0,,,,10
spiritual development through astrology,problem_spiritual_protection,problem,0,,,,10
