keyword,rank,domain,title,url,item_types
shani mantra,1,translate.google.com,शनि देव मंत्र: शनि मंत्र,https://translate.google.com/translate?u=https://wordzz.com/shani-dev-mantra/&hl=hi&sl=en&tl=hi&client=srp,video|people_also_ask|organic|images|short_videos|related_searches|knowledge_graph
shani mantra,2,www.shanidham.org,Shanidham,https://www.shanidham.org/mantras.php?id=3,video|people_also_ask|organic|images|short_videos|related_searches|knowledge_graph
shani mantra,3,www.youtube.com,शनि देव मंत्र | Shani Dev Mantra | Nilanjan Samabhasam 108 ...,https://www.youtube.com/watch?v=NZjuwu0WvW8,video|people_also_ask|organic|images|short_videos|related_searches|knowledge_graph
shani mantra,4,www.amarujala.com,Shani Mantra :शनि देव की कृपा पाने के लिए इन मंत्रों का करें जाप ...,https://www.amarujala.com/spirituality/religion/shani-dev-puja-vidhi-know-mantra-in-hindi-2024-05-08,video|people_also_ask|organic|images|short_videos|related_searches|knowledge_graph
shani mantra,5,www.youtube.com,Shani Mantra by Suresh Wadkar | 108 Times With Meaning,https://www.youtube.com/watch?v=4HNbwEiHPlg&vl=en,video|people_also_ask|organic|images|short_videos|related_searches|knowledge_graph
shani mantra,6,www.drikpanchang.com,List of Lord Shani Mantras,https://www.drikpanchang.com/vedic-mantra/gods/navagraha/lord-shani/shani-mantras.html,video|people_also_ask|organic|images|short_videos|related_searches|knowledge_graph
shani mantra,7,hindi.webdunia.com,"श्री शनिदेव के ये 6 मंत्र खोलेंगे किस्मत का द्वार, चुनें कोई भी एक ...",https://hindi.webdunia.com/astrology-tantra-mantra-yantra/shani-mantra-120120400078_1.html,video|people_also_ask|organic|images|short_videos|related_searches|knowledge_graph
shani mantra,8,translate.google.com,शनि देव मंत्र और जप विधि,https://translate.google.com/translate?u=https://www.scribd.com/document/431656802/Mantras-of-Shanidev&hl=hi&sl=en&tl=hi&client=srp,video|people_also_ask|organic|images|short_videos|related_searches|knowledge_graph
rahu mantra,1,www.astromantra.com,Rahu Mantra राहु ग्रह मन्त्र,https://www.astromantra.com/rahu-mantra/?srsltid=AfmBOortTMHaTXzRfWkkOQeuVQqVu77wXSIutc6abv9jhj4NV0lvaAO5,ai_overview|video|people_also_ask|organic|images|related_searches
rahu mantra,2,rudrakshu.com,राहु मन्त्र। Rahu Mantra - रुद्राक्षु,https://rudrakshu.com/rahu-mantra/,ai_overview|video|people_also_ask|organic|images|related_searches
rahu mantra,3,www.dharmikmind.com,"राहु दोष से मुक्ति हेतु मंत्र जाप विधि, लाभ, शुभ समय और प्रभाव",https://www.dharmikmind.com/rahu-dosh-mantra.html,ai_overview|video|people_also_ask|organic|images|related_searches
rahu mantra,4,www.facebook.com,राहु दोष निवारण मंत्र - Rahu Mantra Jaap 108 - राहु शांति स्तोत्रम,https://www.facebook.com/UltraDevotionalIn/videos/%E0%A4%B0%E0%A4%BE%E0%A4%B9%E0%A5%81-%E0%A4%A6%E0%A5%8B%E0%A4%B7-%E0%A4%A8%E0%A4%BF%E0%A4%B5%E0%A4%BE%E0%A4%B0%E0%A4%A3-%E0%A4%AE%E0%A4%82%E0%A4%A4%E0%A5%8D%E0%A4%B0-rahu-mantra-jaap-108-%E0%A4%B0%E0%A4%BE%E0%A4%B9%E0%A5%81-%E0%A4%B6%E0%A4%BE%E0%A4%82%E0%A4%A4%E0%A4%BF-%E0%A4%B8%E0%A5%8D%E0%A4%A4%E0%A5%8B%E0%A4%A4%E0%A5%8D%E0%A4%B0%E0%A4%AE-navgraha-mantra-r/431201948803381/,ai_overview|video|people_also_ask|organic|images|related_searches
rahu mantra,5,www.sanatanaaradhana.com,श्री राहु के मंत्र | Shri Rahu Mantra in Hindi,https://www.sanatanaaradhana.com/mantra/shri-rahu-dev-ji/,ai_overview|video|people_also_ask|organic|images|related_searches
rahu mantra,6,translate.google.com,गुरुकृपा | राहु गायत्री मंत्र | लाभ | विभिन्न रूप,https://translate.google.com/translate?u=https://gurukripa.org.in/blog/navgraha/rahu-gayatri-mantra&hl=hi&sl=en&tl=hi&client=srp,ai_overview|video|people_also_ask|organic|images|related_searches
rahu mantra,7,translate.google.com,राहु मंत्र और उपाय मार्गदर्शिका | पीडीएफ | मंत्र | ज्योतिष में ग्रह,https://translate.google.com/translate?u=https://www.scribd.com/document/75297168/Rahu&hl=hi&sl=en&tl=hi&client=srp,ai_overview|video|people_also_ask|organic|images|related_searches
surya mantra,1,www.youtube.com,ॐ सूर्य देवाय नमः | Om Surya Devay Namah | सूर्य मंत्र,https://www.youtube.com/watch?v=7UUNFbGovBM,ai_overview|organic|people_also_ask|related_searches
surya mantra,2,www.youtube.com,"सूर्य मंत्र "" यश और सफलता प्राप्ति के लिए सुने ~ जपा कुसुम संकाशं",https://www.youtube.com/watch?v=29Ys4qPm1Do,ai_overview|organic|people_also_ask|related_searches
surya mantra,3,www.artofliving.org,सूर्य नमस्कार के मंत्र और उनके अर्थ,https://www.artofliving.org/in-hi/yoga/yoga-poses/sun-salutation-mantras-and-their-meaning,ai_overview|organic|people_also_ask|related_searches
surya mantra,4,hindi.webdunia.com,हर मनोकामना पूर्ण करेंगे भगवान सूर्य देव के 6 अद्भुत मंत्र ...,https://hindi.webdunia.com/astrology-tantra-mantra-yantra/surya-mantra-119010700044_1.html,ai_overview|organic|people_also_ask|related_searches
surya mantra,5,www.youtube.com,Surya Mantra | सूर्य मंत्र | Shri Suryanarayan Aradhna,https://www.youtube.com/watch?v=nJrYlcOAJdI,ai_overview|organic|people_also_ask|related_searches
surya mantra,6,www.youtube.com,"सूर्य मंत्र | इस मंत्र का जाप करने से निरोगी शरीर, धन की वृद्धि और ...",https://www.youtube.com/watch?v=AhNQCpemVaU,ai_overview|organic|people_also_ask|related_searches
surya mantra,7,translate.google.com,सूर्य नमस्कार मंत्र (tmkoc से जेठालाल द्वारा प्रार्थना),https://translate.google.com/translate?u=https://thepathtoenlightenment.home.blog/2022/05/09/surya-namaskar-mantra-prayed-by-jethalal-from-tmkoc/&hl=hi&sl=en&tl=hi&client=srp,ai_overview|organic|people_also_ask|related_searches
surya mantra,8,www.astromantra.com,Sun Mantra (सूर्य ग्रह मन्त्र) | Surya Dosha Shanti Mantra,https://www.astromantra.com/sun-mantra/?srsltid=AfmBOoo_9Pb_olL7i54PsOScybPg1kx7tUhcFoIwuvin5jvG_Ie6VQnu,ai_overview|organic|people_also_ask|related_searches
surya mantra,9,translate.google.com,प्रत्येक सुबह जपने योग्य 5 सूर्य मंत्र - सूर्य देव मंत्र,https://translate.google.com/translate?u=https://vedicfeed.com/5-surya-mantras-to-chant-every-morning/&hl=hi&sl=en&tl=hi&client=srp,ai_overview|organic|people_also_ask|related_searches
mantra for shukra,1,www.drikpanchang.com,List of Lord Shukra Mantras,https://www.drikpanchang.com/vedic-mantra/gods/navagraha/lord-shukra/shukra-mantras.html,ai_overview|video|people_also_ask|organic|related_searches
mantra for shukra,2,www.astrojap.in,Shukra (Venus) Mantra for Wealth & Luxury: Beej Mantra Guide,https://www.astrojap.in/blog/shukra-mantra-wealth-luxury-venus,ai_overview|video|people_also_ask|organic|related_searches
mantra for shukra,3,shreemaa.org,Navagraha 6 – Shukra (Venus) Mantra - Shreemaa.org,https://shreemaa.org/mantras-nine-planets-venus-the-emblem-of-love-and-attachment/,ai_overview|video|people_also_ask|organic|related_searches
mantra for shukra,4,www.youtube.com,Powerful Shukra Graha Mantra 108 Times With Lyrics,https://www.youtube.com/watch?v=_1j7WQ3_F-E,ai_overview|video|people_also_ask|organic|related_searches
mantra for shukra,5,astrotalk.com,Benefits & Chanting Method of Shukra Mantra,https://astrotalk.com/mantras/shukra-mantra,ai_overview|video|people_also_ask|organic|related_searches
mantra for shukra,6,rudrakshu.com,शुक्र मंत्र। Shukra Mantra - रुद्राक्षु,https://rudrakshu.com/shukra-mantra/,ai_overview|video|people_also_ask|organic|related_searches
mantra for shukra,7,www.askganesha.com,"SHUKRA MANTRA for love, marriage and a happy married ...",https://www.askganesha.com/mantra/lord-shukra-mantra,ai_overview|video|people_also_ask|organic|related_searches
mantra for shukra,8,gurukripa.org.in,Shukra Beej Mantra | Benefits | शुक्र बीज़ मन्त्र,https://gurukripa.org.in/blog/navgraha/shukra-beej-mantra,ai_overview|video|people_also_ask|organic|related_searches
budh mantra,1,www.sanatanaaradhana.com,श्री बुध देव जी के मंत्र | Shri Budha Dev Ji Mantra in Hindi,https://www.sanatanaaradhana.com/mantra/shri-budhdev-ke-mantra/,ai_overview|video|people_also_ask|organic|images|related_searches
budh mantra,2,www.astromantra.com,Mercury Mantra (बुध ग्रह मन्त्र) | Buddh Graha Shanti ...,https://www.astromantra.com/mercury-mantra/?srsltid=AfmBOop9bL4RSpTEBqyy9Pro2Ss5vJQWkNkKGtkKeCIi1Q4GtE1N_i_o,ai_overview|video|people_also_ask|organic|images|related_searches
budh mantra,3,www.youtube.com,Budh Mantra Jaap | बुध महादशा के निवारण के लिए इस मंत्र जाप से ...,https://www.youtube.com/watch?v=pT0sU8nDbmk,ai_overview|video|people_also_ask|organic|images|related_searches
budh mantra,4,www.jagran.com,Budh Grah: बुधवार को इन 5 में से 1 मंत्र का जाप करने से दिमाग ...,https://www.jagran.com/spiritual/religion-budh-grah-upay-chant-these-mantra-of-wednesday-to-strong-budh-grah-in-kundali-23291176.html,ai_overview|video|people_also_ask|organic|images|related_searches
budh mantra,5,panditsukhdev.com,निम्नलिखित बुध ग्रह के मंत्रों में से किसी भी एक मंत्र का जप ...,http://panditsukhdev.com/pdf/Mercury%20prayer.pdf,ai_overview|video|people_also_ask|organic|images|related_searches
budh mantra,6,www.youtube.com,"Budh Dev "" Bhakti Bhajan Mantra""",https://www.youtube.com/playlist?list=PLJiox_4CQz8cApBEFE526nFNFNtVyh6-n,ai_overview|video|people_also_ask|organic|images|related_searches
budh mantra,7,translate.google.com,गुरुकृपा | बुध बीज मंत्र | लाभ,https://translate.google.com/translate?u=https://gurukripa.org.in/blog/navgraha/budh-beej-mantra&hl=hi&sl=en&tl=hi&client=srp,ai_overview|video|people_also_ask|organic|images|related_searches
brihaspati mantra,1,www.youtube.com,Om Brim Brihaspataye Namah : Brihaspati Mantra : Guru Mantra,https://www.youtube.com/watch?v=JP1DEq2VGbI,ai_overview|organic|people_also_ask|related_searches
brihaspati mantra,2,www.jagran.com,Brihaspati Dev Mantra: गुरुवार के दिन करें देवगुरु बृहस्पति के ...,https://www.jagran.com/spiritual/religion-guru-grah-upay-devguru-brihaspati-dev-mantra-in-hindi-23791170.html,ai_overview|organic|people_also_ask|related_searches
brihaspati mantra,3,www.facebook.com,बृहस्पति मंत्र #brahaspati #devguru #brahaspatimantra ...,https://www.facebook.com/vedicmantra108/videos/%E0%A4%AC%E0%A5%83%E0%A4%B9%E0%A4%B8%E0%A5%8D%E0%A4%AA%E0%A4%A4%E0%A4%BF-%E0%A4%AE%E0%A4%82%E0%A4%A4%E0%A5%8D%E0%A4%B0-brahaspati-devguru-brahaspatimantra-gurumantra-mantra-devgurubrah/1215655740541119/,ai_overview|organic|people_also_ask|related_searches
brihaspati mantra,4,www.youtube.com,गुरु ग्रह मंत्र - Guru Graha Mantra 108 Times,https://www.youtube.com/watch?v=8hkn3ECHS8A,ai_overview|organic|people_also_ask|related_searches
brihaspati mantra,5,www.astromantra.com,Jupiter Mantra (गुरु ग्रह मन्त्र) | Guru Dosha Shanti ...,https://www.astromantra.com/jupiter-mantra/?srsltid=AfmBOoquSOPDzsm1MNkPnMVXsoQ-umx4hUJ5Acl2CxgkMLTiQDGSoPuS,ai_overview|organic|people_also_ask|related_searches
brihaspati mantra,6,www.drikpanchang.com,List of Lord Guru Mantras | Devaguru Brihaspati Mantra List,https://www.drikpanchang.com/vedic-mantra/gods/navagraha/lord-brihaspati/brihaspati-mantras.html,ai_overview|organic|people_also_ask|related_searches
brihaspati mantra,7,www.youtube.com,गुरुवार को करें इस मंत्र का जाप | नवग्रह शांति मंत्र |om brihm ...,https://www.youtube.com/watch?v=1MU9ZjRZuYU,ai_overview|organic|people_also_ask|related_searches
brihaspati mantra,8,www.bhaktikibhavna.com,बृहस्पति देव को प्रसन्न करने के प्रभावी मंत्र,https://www.bhaktikibhavna.com/%E0%A4%AC%E0%A5%83%E0%A4%B9%E0%A4%B8%E0%A5%8D%E0%A4%AA%E0%A4%A4%E0%A4%BF-%E0%A4%A6%E0%A5%87%E0%A4%B5-%E0%A4%95%E0%A5%8B-%E0%A4%AA%E0%A5%8D%E0%A4%B0%E0%A4%B8%E0%A4%A8%E0%A5%8D/,ai_overview|organic|people_also_ask|related_searches
brihaspati mantra,9,translate.google.com,बृहस्पति मंत्र,https://translate.google.com/translate?u=https://wordzz.com/brihaspati-mantra/&hl=hi&sl=en&tl=hi&client=srp,ai_overview|organic|people_also_ask|related_searches
chandra mantra,1,www.youtube.com,चंद्र बीज मंत्र | Chandra Beej Mantra 108 Times With Lyrics,https://www.youtube.com/watch?v=UP1AtONo39g,ai_overview|organic|people_also_ask|images|related_searches
chandra mantra,2,www.astromantra.com,Moon Mantra (चन्द्र ग्रह मन्त्र) | Chandra Graha Shanti ...,https://www.astromantra.com/moon-mantra/?srsltid=AfmBOooEnp42ENw97_pdAJoJ9Xmuy94VWKpuPZNeHBm78Tf4uInbaJLF,ai_overview|organic|people_also_ask|images|related_searches
chandra mantra,3,www.youtube.com,चन्द्र देव को प्रसन्न करने के लिए मंत्र | Chandra Mantra | ॐ सों ...,https://www.youtube.com/watch?v=gb-LDMDVXws,ai_overview|organic|people_also_ask|images|related_searches
chandra mantra,4,rudrakshu.com,चन्द्र मन्त्र । Chandra Mantra - रुद्राक्षु,https://rudrakshu.com/chandra-mantra/,ai_overview|organic|people_also_ask|images|related_searches
chandra mantra,5,www.jagran.com,Chandra Dev Mantra: इन मंत्रों के जप से चंद्र देव को करें ...,https://www.jagran.com/spiritual/puja-path-chandra-dev-mantra-chanting-these-mantras-will-relieve-mental-stress-23892836.html,ai_overview|organic|people_also_ask|images|related_searches
chandra mantra,6,www.youtube.com,Chandra Beej Mantra 108 Times | चंद्र बीज मंत्र,https://www.youtube.com/watch?v=wPMgR5Bpzj8,ai_overview|organic|people_also_ask|images|related_searches
chandra mantra,7,hindi.webdunia.com,"सोमवार को 5 चंद्र मंत्र देते हैं सुंदरता, धन और आरोग्य का वरदान",https://hindi.webdunia.com/astrology-articles/chandra-mantra-for-monday-120101900020_1.html,ai_overview|organic|people_also_ask|images|related_searches
chandra mantra,8,www.drikpanchang.com,List of Lord Chandra Mantras,https://www.drikpanchang.com/vedic-mantra/gods/navagraha/lord-chandra/chandra-mantras.html,ai_overview|organic|people_also_ask|images|related_searches
ketu mantra,1,www.astromantra.com,Ketu Mantra (केतु ग्रह मन्त्र),https://www.astromantra.com/ketu-mantra/?srsltid=AfmBOorwMRld2PjAs4pxHUbxJY6s8eiEVO50Gq2Z7tAYlVHUir08x1Ja,ai_overview|video|people_also_ask|organic|images|related_searches
ketu mantra,2,www.facebook.com,बीज मंत्र: ॐ कें केतवे नमः ॐ स्रां स्रीं स्रौं सः ...,https://www.facebook.com/yogbhooshan/videos/%E0%A4%95%E0%A5%87%E0%A4%A4%E0%A5%81-%E0%A4%97%E0%A5%8D%E0%A4%B0%E0%A4%B9-%E0%A4%95%E0%A5%80-%E0%A4%B6%E0%A4%BE%E0%A4%82%E0%A4%A4%E0%A4%BF-%E0%A4%95%E0%A5%87-%E0%A4%B2%E0%A4%BF%E0%A4%8F-%E0%A4%AE%E0%A4%82%E0%A4%A4%E0%A5%8D%E0%A4%B0-%E0%A4%B8%E0%A4%BE%E0%A4%A7%E0%A4%A8%E0%A4%BE/1087753985060538/,ai_overview|video|people_also_ask|organic|images|related_searches
ketu mantra,3,rudrakshu.com,केतु मंत्र |Ketu Mantra - रुद्राक्षु,https://rudrakshu.com/ketu-mantra/,ai_overview|video|people_also_ask|organic|images|related_searches
ketu mantra,4,open.spotify.com,केतु तांत्रिक मंत्र - ॐ स्रां स्रीं स्रौं सः केतवे नमः।,https://open.spotify.com/track/6iQJfrVVnF74dfzF15D7E1,ai_overview|video|people_also_ask|organic|images|related_searches
ketu mantra,5,www.bhaktibharat.com,केतु मन्त्र - Ketu Mantra,https://www.bhaktibharat.com/mantra/ketu-mantra,ai_overview|video|people_also_ask|organic|images|related_searches
ketu mantra,6,hindi.astrosage.com,"केतु ग्रह शांति, मंत्र एवं उपाय - कुंडली - AstroSage",https://hindi.astrosage.com/upay/ketu-ke-upay.asp,ai_overview|video|people_also_ask|organic|images|related_searches
ketu mantra,7,www.drikpanchang.com,List of Navagraha Ketu Mantras,https://www.drikpanchang.com/vedic-mantra/gods/navagraha/ketu/ketu-mantras.html,ai_overview|video|people_also_ask|organic|images|related_searches
mangal mantra,1,www.sanatanaaradhana.com,श्री मंगल देव जी के मंत्र Shri Mangal Dev Ji Ke Mantra,https://www.sanatanaaradhana.com/mantra/shri-mangal-dev-ji/,ai_overview|video|people_also_ask|organic|images|related_searches
mangal mantra,2,www.jagran.com,मंगलवार को पूजा के समय करें इस चमत्कारी स्तोत्र का पाठ और ...,https://www.jagran.com/spiritual/religion-recite-mangal-stotra-and-mangal-mantra-during-worship-on-tuesday-each-wish-will-be-fulfiled-23618864.html,ai_overview|video|people_also_ask|organic|images|related_searches
mangal mantra,3,www.astromantra.com,Mars Mantra (मंगल ग्रह मन्त्र) | Mangal Dosh Shanti Mantra,https://www.astromantra.com/mars-mantra/?srsltid=AfmBOooM8i2Cb_CXDjibLqJ93u6t6dlLNmJ8-JCpuhAznnW4trDiR-9n,ai_overview|video|people_also_ask|organic|images|related_searches
mangal mantra,4,www.kalsarp-yog.com,मंगल मंत्र जाप (10000 जप) - कालसर्प योग,https://www.kalsarp-yog.com/product/managal-mantra-jaap/?srsltid=AfmBOoql1BeleXClM0FWBxw4hBwSvetDYJr3QS2azr_gDUvaZ-VufKf2,ai_overview|video|people_also_ask|organic|images|related_searches
mangal mantra,5,www.bhaktibharat.com,श्री मंगल देव जी के मंत्र - Mantras for Bhagwan Mangal,https://www.bhaktibharat.com/mantra/mangal-dev-mantra,ai_overview|video|people_also_ask|organic|images|related_searches
mangal mantra,6,www.youtube.com,Mangal Mantra Jaap | मंगल महादशा के निवारण के लिए इस मंत्र ...,https://www.youtube.com/watch?v=o5fou34T1wM,ai_overview|video|people_also_ask|organic|images|related_searches
mangal mantra,7,translate.google.com,मंगल मंत्र का जाप करने के क्या लाभ हैं? परिणाम देखने के लिए ...,https://translate.google.com/translate?u=https://www.quora.com/What-are-the-benefits-of-chanting-Mangal-Mantra-How-long-should-one-chant-this-mantra-regularly-to-see-results&hl=hi&sl=en&tl=hi&client=srp,ai_overview|video|people_also_ask|organic|images|related_searches
venus remedies,1,venusremedies.com,Venus Remedies - Indian research driven pharmaceutical ...,https://venusremedies.com/,ai_overview|organic|people_also_ask|twitter|related_searches|knowledge_graph
venus remedies,2,www.screener.in,Venus Remedies Ltd share price,https://www.screener.in/company/VENUSREM/consolidated/,ai_overview|organic|people_also_ask|twitter|related_searches|knowledge_graph
venus remedies,3,in.linkedin.com,Venus Remedies Limited,https://in.linkedin.com/company/venusremedies,ai_overview|organic|people_also_ask|twitter|related_searches|knowledge_graph
venus remedies,4,www.instagram.com,VENUS REMEDIES LIMITED (@venusremedieslimited),https://www.instagram.com/venusremedieslimited/?hl=en,ai_overview|organic|people_also_ask|twitter|related_searches|knowledge_graph
venus remedies,5,www.facebook.com,Venus Remedies Limited | Chandigarh,https://www.facebook.com/venusremedies/,ai_overview|organic|people_also_ask|twitter|related_searches|knowledge_graph
rahu remedies,1,www.rudraksha-center.com,Remedial Measures for planet Rahu as per Lal Kitab,https://www.rudraksha-center.com/pages/remedial-measures-for-planet-rahu-as-per-lal-kitab,ai_overview|organic|people_also_ask|related_searches
rahu remedies,2,myratna.com,Rahu Mahadasha Effects and Remedies,https://myratna.com/blogs/content/rahu-mahadasha-effects-and-remedies?srsltid=AfmBOooavxLEIcdYM6h6pPYKP5BdVKcOgdvdzpy-zZy5LcdRVsqCNaNR,ai_overview|organic|people_also_ask|related_searches
rahu remedies,3,karizmajewels.in,Lal Kitab remedies for Rahu - Powerful Astrological ...,https://karizmajewels.in/blogs/astrology-products-information/lal-kitab-remedies-for-rahu-powerful-astrological-solutions-to-reduce-rahu-dosha?srsltid=AfmBOopqS0RGoLJf7qMQMOS2hXVvP9rMXjP7_UyJWaVLzU2uJKZH7JJY,ai_overview|organic|people_also_ask|related_searches
rahu remedies,4,www.youtube.com,How to Improve RAHU (राहु) to get Positive Results in Life,https://www.youtube.com/watch?v=wwIF9_Nfal8,ai_overview|organic|people_also_ask|related_searches
rahu remedies,5,iiag.co.in,Understanding Rahu in Astrology & Powerful Remedies,https://iiag.co.in/articles/navgrah-anisht-shanti/rahu-in-astrology,ai_overview|organic|people_also_ask|related_searches
rahu remedies,6,www.quora.com,What is the powerful remedy of Rahu? I am very affected by ...,https://www.quora.com/What-is-the-powerful-remedy-of-Rahu-I-am-very-affected-by-this,ai_overview|organic|people_also_ask|related_searches
rahu remedies,7,www.scribd.com,Effective Remedies for Malefic Rahu - Planets In Astrology,https://www.scribd.com/doc/216309574/Rahu-Remedies,ai_overview|organic|people_also_ask|related_searches
rahu remedies,8,www.facebook.com,4 Simple Remedies to Fix Bad Rahu in Your Life ...,https://www.facebook.com/astroparduman/videos/4-simple-remedies-to-fix-bad-rahu-in-your-life-astro_parduman-appointment-on-91-/7597945270330551/,ai_overview|organic|people_also_ask|related_searches
rahu remedies,9,www.divine-rudraksha.com,Remedies of planet Rahu as per Vedic Astrology,https://www.divine-rudraksha.com/pages/remedies-of-planet-rahu-as-per-vedic-astrology?srsltid=AfmBOopfYq2LsmEfdO08_14P0MD0oCOadc5Mm_CbK3Nu1O6R3mVV68Cr,ai_overview|organic|people_also_ask|related_searches
ketu remedy,1,lalkitab.com,Ketu - Precautions & Remedies - Lal Kitab,https://lalkitab.com/ketu-lal-kitab/,ai_overview|organic|people_also_ask|video|related_searches
ketu remedy,2,www.divine-rudraksha.com,Remedial Measures for planet Ketu as per Lal Kitab,https://www.divine-rudraksha.com/pages/remedial-measures-for-planet-ketu-as-per-lal-kitab?srsltid=AfmBOooL1JpEQm3_RE0ZzSAKQGbWL245tdcP-cmcXULAwdWz-emOIF4r,ai_overview|organic|people_also_ask|video|related_searches
ketu remedy,3,www.quora.com,How to get rid of ketu in my life,https://www.quora.com/How-do-I-get-rid-of-ketu-in-my-life-It-has-caused-me-hurt-since-childhood-and-I-am-not-able-to-survive-it-anymore-It-steals-the-people-I-love-most-I-need-to-completely-nullify-its-effects-in-my-life-Please-help,ai_overview|organic|people_also_ask|video|related_searches
ketu remedy,4,iiag.co.in,Understanding Ketu in Astrology & Powerful Remedies,https://iiag.co.in/articles/navgrah-anisht-shanti/ketu-in-astrology,ai_overview|organic|people_also_ask|video|related_searches
ketu remedy,5,www.astrosage.com,Ketu Planet: Ketu Remedies & Puja Vidhi,https://www.astrosage.com/planet/ketu/ketu-mantra-ketu-puja-ketu-remedy.asp,ai_overview|organic|people_also_ask|video|related_searches
ketu remedy,6,www.navratan.com,Ketu Mahadasha Effects and Remedies,https://www.navratan.com/blog/ketu-mahadasha-effects-and-remedies?srsltid=AfmBOoqE7UktCn-nS_Dzx2iYDnhPAoarQoIs0vk2Utm8hff1UsFiuSOH,ai_overview|organic|people_also_ask|video|related_searches
ketu remedy,7,www.scribd.com,Ketu Effects and Remedies Explained | PDF | Jupiter,https://www.scribd.com/document/360177691/Ketu-Effects-and-Remedies,ai_overview|organic|people_also_ask|video|related_searches
ketu remedy,8,templeofhope.in,5 Lal Kitab Remedies to Keep Rahu and Ketu Happy and ...,https://templeofhope.in/blogs/news/5-lal-kitab-remedies-to-keep-rahu-and-ketu-happy-and-balanced-in-kalyug?srsltid=AfmBOorogwunSPGzcD3BAyOcRkP96mMhiKz_dP6sbeVChHX5Eu0Ie98i,ai_overview|organic|people_also_ask|video|related_searches
jupiter planet remedies,1,www.rudraksha-center.com,Remedial Measures for planet Jupiter as per Lal Kitab,https://www.rudraksha-center.com/pages/remedial-measures-for-planet-jupiter-as-per-lal-kitab,ai_overview|organic|people_also_ask|video|related_searches
jupiter planet remedies,2,astropatri.com,Astrological Remedies for planet Jupiter,https://astropatri.com/remedies/jupiter,ai_overview|organic|people_also_ask|video|related_searches
jupiter planet remedies,3,www.scribd.com,Lal Kitab Remedies for Weak Jupiter | PDF,https://www.scribd.com/document/419723602/Remedies-for-Jupiter,ai_overview|organic|people_also_ask|video|related_searches
jupiter planet remedies,4,www.divine-rudraksha.com,Remedies of planet Jupiter as per Vedic Astrology,https://www.divine-rudraksha.com/pages/remedies-of-planet-jupiter-as-per-vedic-astrology?srsltid=AfmBOors1yNrIeSdycnOF1Oo2emeP7uF__gts1roPS6mqMg7EB_bkLTr,ai_overview|organic|people_also_ask|video|related_searches
jupiter planet remedies,5,www.quora.com,What are the remedies for Jupiter?,https://www.quora.com/What-are-the-remedies-for-Jupiter,ai_overview|organic|people_also_ask|video|related_searches
jupiter planet remedies,6,www.facebook.com,गुरु ग्रह को बलवान बनाने के उपाय | Easy remedies to make Jupiter ...,https://www.facebook.com/anil.gupta.616565/posts/%E0%A4%97%E0%A5%81%E0%A4%B0%E0%A5%81-%E0%A4%97%E0%A5%8D%E0%A4%B0%E0%A4%B9-%E0%A4%95%E0%A5%8B-%E0%A4%AC%E0%A4%B2%E0%A4%B5%E0%A4%BE%E0%A4%A8-%E0%A4%AC%E0%A4%A8%E0%A4%BE%E0%A4%A8%E0%A5%87-%E0%A4%95%E0%A5%87-%E0%A4%89%E0%A4%AA%E0%A4%BE%E0%A4%AF-easy-remedies-to-make-jupiter-planet-strongerwh/680539344568862/,ai_overview|organic|people_also_ask|video|related_searches
jupiter planet remedies,7,www.indastro.com,Remedies for Jupiter,https://www.indastro.com/remedies/remedies-for-jupiter.html,ai_overview|organic|people_also_ask|video|related_searches
jupiter planet remedies,8,shilaavinyaas.com,"Weak Jupiter in Astrology: Symptoms, Causes & Remedies",https://shilaavinyaas.com/p/weak-jupiter-in-astrology-symptoms-causes-remedies-guru-grah-upaay,ai_overview|organic|people_also_ask|video|related_searches
mercury planet remedies,1,www.rudraksha-center.com,Remedial Measures for planet Mercury as per Lal Kitab,https://www.rudraksha-center.com/pages/remedial-measures-for-planet-mercury-as-per-lal-kitab,ai_overview|organic|people_also_ask|related_searches
mercury planet remedies,2,www.quora.com,How can we improve the bad effects of Mercury in Kundali?,https://www.quora.com/How-can-we-improve-the-bad-effects-of-Mercury-in-Kundali,ai_overview|organic|people_also_ask|related_searches
mercury planet remedies,3,www.youtube.com,Easiest ways to Strengthen MERCURY (बुध) in Your Horoscope,https://www.youtube.com/watch?v=FLhfrRc1R-Q,ai_overview|organic|people_also_ask|related_searches
mercury planet remedies,4,pramogh.com,Mercury Mahadasha (Budh Mahadasha): Effects & Remedies,https://pramogh.com/blogs/content/budh-mahadasha-remedies?srsltid=AfmBOopRV3qPHP6DfAvK3vT9X-zU1GAJTrhhOb-fZBgFkzKSyNXARJLE,ai_overview|organic|people_also_ask|related_searches
mercury planet remedies,5,www.facebook.com,#Weak Mercury And It's Remedies. #Part-2 #astrologyposts ...,https://www.facebook.com/shweta.sardesai/posts/weak-mercury-and-its-remedies-part-2-astrologyposts-mercury/10235043337657292/,ai_overview|organic|people_also_ask|related_searches
mercury planet remedies,6,www.scribd.com,Lal Kitab Remedies for Strong Mercury - Planets In Astrology,https://www.scribd.com/document/745179816/budh-in-lal-kitab,ai_overview|organic|people_also_ask|related_searches
mercury planet remedies,7,timesofindia.indiatimes.com,How to strengthen Mercury (Budha) without fear-based ...,https://timesofindia.indiatimes.com/astrology/planets-transits/how-to-strengthen-mercury-budha-without-fear-based-remedies/articleshow/131302247.cms,ai_overview|organic|people_also_ask|related_searches
mercury planet remedies,8,astrogiva.com,Mercury : Effects & Remedies,https://astrogiva.com/mercury-effects-remedies/,ai_overview|organic|people_also_ask|related_searches
mercury planet remedies,9,www.rudraksha-ratna.com,"Mercury (Budh Graha) in Astrology: Meaning, Remedies, etc.",https://www.rudraksha-ratna.com/articles/planet-mercury-in-astrology-and-remedies?srsltid=AfmBOopT5mX3wRsetXGQoomIUbF94ThJdQcfEyZQtHzYAccOtyVTDHEa,ai_overview|organic|people_also_ask|related_searches
moon remedies,1,www.reddit.com,What are strong tried & tested remedies for Moon,https://www.reddit.com/r/Nakshatras/comments/1sw9pyp/what_are_strong_tried_tested_remedies_for_moon/,ai_overview|organic|people_also_ask|related_searches
moon remedies,2,www.astroshastra.com,Lal Kitab Remedies for Planet Moon,https://www.astroshastra.com/articles/lalkitabmoon.php,ai_overview|organic|people_also_ask|related_searches
moon remedies,3,www.astrosage.com,Moon Remedies: Chandra Puja and Mantra,https://www.astrosage.com/planet/moon/chandra-mantra-chandra-puja-chandra-remedy.asp,ai_overview|organic|people_also_ask|related_searches
moon remedies,4,timesofindia.indiatimes.com,Moon: Know its Significance and Remedies,https://timesofindia.indiatimes.com/astrology/planets-transits/moon-know-its-significance-and-remedies/articleshow/102174918.cms,ai_overview|organic|people_also_ask|related_searches
moon remedies,5,www.jyotishdham.com,How to Strengthen a Weak Moon in Astrology,https://www.jyotishdham.com/blogs/news/how-to-strengthen-a-weak-moon-in-astrology-signs-effects-effective-remedies,ai_overview|organic|people_also_ask|related_searches
moon remedies,6,www.rudraksha-center.com,Remedial Measures for planet Moon as per Lal Kitab,https://www.rudraksha-center.com/pages/remedial-measures-for-planet-moon-as-per-lal-kitab,ai_overview|organic|people_also_ask|related_searches
moon remedies,7,www.facebook.com,Simple Vedic Remedies to Improve Weak Moon in Birth Chart ...,https://www.facebook.com/Asttrolok/posts/simple-vedic-remedies-to-improve-weak-moon-in-birth-chartin-this-video-you-will-/1063639392615593/,ai_overview|organic|people_also_ask|related_searches
moon remedies,8,www.quora.com,What are 10 astrological remedies to strengthen the planet ...,https://www.quora.com/What-are-10-astrological-remedies-to-strengthen-the-planet-Moon,ai_overview|organic|people_also_ask|related_searches
moon remedies,9,www.scribd.com,Remedies to Strengthen the Moon | PDF,https://www.scribd.com/document/419723953/Remedies-for-Moon,ai_overview|organic|people_also_ask|related_searches
mars planet remedies,1,www.rudraksha-center.com,Remedial Measures for planet Mars as per Lal Kitab,https://www.rudraksha-center.com/pages/remedial-measures-for-planet-mars-as-per-lal-kitab,ai_overview|organic|people_also_ask|video|related_searches
mars planet remedies,2,www.reddit.com,What is the best remedy for mars ? How do one can ...,https://www.reddit.com/r/Nakshatras/comments/1lmi3zf/what_is_the_best_remedy_for_mars_how_do_one_can/,ai_overview|organic|people_also_ask|video|related_searches
mars planet remedies,3,lalkitab.com,"Mars & Lal Kitab - Predictions, Precautions & Remedies",https://lalkitab.com/mars-lal-kitab/,ai_overview|organic|people_also_ask|video|related_searches
mars planet remedies,4,www.scribd.com,Remedies for Weak and Debilitated Mars | PDF,https://www.scribd.com/document/471595608/Mars-Remedies-Astrology-For-Weak-Debilitated-Afflicted-Combusted-State,ai_overview|organic|people_also_ask|video|related_searches
mars planet remedies,5,timesofindia.indiatimes.com,7 Effective Mars Remedies to Transform Your Life in 2025,https://timesofindia.indiatimes.com/astrology/kundali-dasha-remedies/7-effective-mars-remedies-to-transform-your-life-in-2025/articleshow/116963398.cms,ai_overview|organic|people_also_ask|video|related_searches
mars planet remedies,6,www.divine-rudraksha.com,Remedies of planet Mars as per Vedic Astrology,https://www.divine-rudraksha.com/pages/remedies-of-planet-mars-as-per-vedic-astrology?srsltid=AfmBOorH2LrPRELhZ4UK2k7IcpdA2btiEJpDJpIF2gPjqHwNQC0lGLFs,ai_overview|organic|people_also_ask|video|related_searches
mars planet remedies,7,www.facebook.com,MARS REMEDY: INCREASE POWER OF MANGAL ...,https://www.facebook.com/AstroMNC/posts/mars-remedy-increase-power-of-mangalmangal-mars-upsana-remedies-mantra-pooja-kar/1455222493272466/,ai_overview|organic|people_also_ask|video|related_searches
mars planet remedies,8,www.hindupath.com,"Easy remedies for Planet Mars - Mantra, Yantra and Vrat",https://www.hindupath.com/2014/08/easy-remedies-for-planet-mars.html,ai_overview|organic|people_also_ask|video|related_searches
saturn planet remedies,1,www.divine-rudraksha.com,Remedial Measures for Planet Saturn as per Lal Kitab,https://www.divine-rudraksha.com/pages/remedial-measures-for-planet-saturn-as-per-lal-kitab?srsltid=AfmBOop1L7uu035WrR6cUjNEYp2hOi3P4Gd51BkC-fXdmurH7PCc2tlt,ai_overview|organic|people_also_ask|related_searches
saturn planet remedies,2,timesofindia.indiatimes.com,6 Tips that Help You Get Rid of the Bad Effects of Saturn,https://timesofindia.indiatimes.com/astrology/planets-transits/6-tips-that-help-you-get-rid-of-the-bad-effects-of-saturn/articleshow/120374949.cms,ai_overview|organic|people_also_ask|related_searches
saturn planet remedies,3,komilla.com,Shani Upaya - Remedial Measures for Saturn,https://komilla.com/lib-shani-upaya.html,ai_overview|organic|people_also_ask|related_searches
saturn planet remedies,4,www.scribd.com,Remedies for Saturn in Astrology | PDF,https://www.scribd.com/doc/302561339/Gernal-Remedies-of-Saturn,ai_overview|organic|people_also_ask|related_searches
saturn planet remedies,5,www.quora.com,What are the effective remedies to protect from ...,https://www.quora.com/What-are-the-effective-remedies-to-protect-from-the-effects-of-Saturn,ai_overview|organic|people_also_ask|related_searches
saturn planet remedies,6,medium.com,What are the astrological remedies for an afflicted Saturn?,https://medium.com/@astrorichaakamra/what-are-the-astrological-remedies-for-an-afflicted-saturn-de16b886fde8,ai_overview|organic|people_also_ask|related_searches
saturn planet remedies,7,lalkitab.com,Saturn – Precautions & Remedies - Lal Kitab,https://lalkitab.com/saturn-lal-kitab/,ai_overview|organic|people_also_ask|related_searches
saturn planet remedies,8,www.astromantra.com,Saturn Astro Remedies शनि ग्रह के लिए उपाय,https://www.astromantra.com/saturn-astro-remedies/?srsltid=AfmBOoq3cBJgm8-ZI7CUSJMhWH5HFR_TCzLYb6HzC0OBth-6Hgoebk4n,ai_overview|organic|people_also_ask|related_searches
saturn planet remedies,9,www.astroshastra.com,Lal Kitab Remedies For Planet Saturn,https://www.astroshastra.com/articles/lalkitabsaturn.php,ai_overview|organic|people_also_ask|related_searches
sun remedies,1,www.astrosage.com,Sun Remedies: Surya Puja & Mantra,https://www.astrosage.com/planet/sun/surya-mantra-surya-puja-surya-remedy.asp,ai_overview|organic|people_also_ask|video|related_searches
sun remedies,2,consultlunarastro.com,Remedies for Sun,https://consultlunarastro.com/2026/01/20/remedies-for-sun/,ai_overview|organic|people_also_ask|video|related_searches
sun remedies,3,www.quora.com,What are the remedies for a weak Sun in Vedic astrology?,https://www.quora.com/What-are-the-remedies-for-a-weak-Sun-in-Vedic-astrology,ai_overview|organic|people_also_ask|video|related_searches
sun remedies,4,lalkitab.com,"Sun And Lal Kitab - Predictions, Precautions, & Remedies",https://lalkitab.com/sun-and-lal-kitab-predictions-precautions-remedies/,ai_overview|organic|people_also_ask|video|related_searches
sun remedies,5,www.facebook.com,Remedies to strengthen the Sun! # ...,https://www.facebook.com/astro360degreebyalifyasayedd/posts/remedies-to-strengthen-the-sunsun-remedies-astrology-prediction-ankitalokhande/1022961307152076/,ai_overview|organic|people_also_ask|video|related_searches
sun remedies,6,timesofindia.indiatimes.com,Lal Kitab remedies to fix weak Sun in the birth chart,https://timesofindia.indiatimes.com/astrology/lal-kitab-remedies-to-fix-weak-sun-in-the-birth-chart/articleshow/128749624.cms,ai_overview|organic|people_also_ask|video|related_searches
sun remedies,7,www.rudraksha-center.com,Remedial Measures for planet Sun as per Lal Kitab,https://www.rudraksha-center.com/pages/remedial-measures-for-planet-sun-as-per-lal-kitab,ai_overview|organic|people_also_ask|video|related_searches
sun remedies,8,www.scribd.com,Lal Kitab Remedies for Weak Sun | PDF | Psychology,https://www.scribd.com/document/419724002/Remedies-for-Sun,ai_overview|organic|people_also_ask|video|related_searches
vedic astrology remedies,1,www.scribd.com,Vedic Astrology Remedies Explained | PDF,https://www.scribd.com/document/431185443/Parihaaraas-Remedies,ai_overview|organic|people_also_ask|related_searches
vedic astrology remedies,2,www.purevedicgems.com,Order of Astrological Remedies and What Remedy to Do ...,https://www.purevedicgems.com/blog/order-of-astrological-remedies-and-what-remedy-to-do-first-why,ai_overview|organic|people_also_ask|related_searches
vedic astrology remedies,3,timesofindia.indiatimes.com,Planetary remedies in Vedic astrology,https://timesofindia.indiatimes.com/astrology/kundali-dasha-remedies/planetary-remedies-in-vedic-astrology/articleshow/108873161.cms,ai_overview|organic|people_also_ask|related_searches
vedic astrology remedies,4,www.motilalbanarsidass.com,Vedic Remedies in Astrology - Motilal Banarsidass,https://www.motilalbanarsidass.com/products/vedic-remedies-in-astrology?srsltid=AfmBOopmunHsbbhSFmjRspeHl185uKYGb2L2QJLvfmXlrwQdapsf3X8q,ai_overview|organic|people_also_ask|related_searches
vedic astrology remedies,5,www.indastro.com,Astrological remedies and how they help,https://www.indastro.com/learn-astrology/remedies.html,ai_overview|organic|people_also_ask|related_searches
vedic astrology remedies,6,www.amazon.in,Vedic Remedies in Astrology,https://www.amazon.in/Vedic-Remedies-Astrology-Sanjay-Rath/dp/8170822459,ai_overview|organic|people_also_ask|related_searches
vedic astrology remedies,7,www.allthingsvedic.in,Remedies in Vedic Astrology,https://www.allthingsvedic.in/post/remedies-in-vedic-astrology,ai_overview|organic|people_also_ask|related_searches
vedic astrology remedies,8,bookkish.com,Books on Astrological Remedies (Upaya),https://bookkish.com/collections/books-on-astrology-remedies-upaya?srsltid=AfmBOooF5tXN8um5oKZiFlyZd0Khd0QCuzYATgVMlejrtlse6PnMSOR-,ai_overview|organic|people_also_ask|related_searches
vedic astrology remedies,9,sohinisastri.com,Which astrology remedy tips work naturally,https://sohinisastri.com/which-astrology-remedy-tips-work-naturally/,ai_overview|organic|people_also_ask|related_searches
career astrology,1,www.vastucart.in,Career Prediction by Date of Birth — Free Vedic Tool 2026,https://www.vastucart.in/tools/career-predictor?srsltid=AfmBOopc4gnngRHPsEq3cUSy_WjX0CxBz128lv0yzRjxSS99zhIsDtTH,ai_overview|organic|people_also_ask|related_searches
career astrology,2,www.youtube.com,Career Astrology Report by Astro Arun Pandit,https://www.youtube.com/watch?v=uaT-xpozZQA,ai_overview|organic|people_also_ask|related_searches
career astrology,3,www.astrologics.in,"Career Prediction & Astrology: Job, Business",https://www.astrologics.in/career-prediction,ai_overview|organic|people_also_ask|related_searches
career astrology,4,vaya.so,Career Prediction by Date of Birth | Free Astrology Job ...,https://vaya.so/tools/career-prediction,ai_overview|organic|people_also_ask|related_searches
career astrology,5,grahadisha.codereveal.in,Free Career Prediction by Date of Birth - GrahaDisha,https://grahadisha.codereveal.in/career,ai_overview|organic|people_also_ask|related_searches
career astrology,6,www.youtube.com,"Career Astrology Secrets: Job, Business or Creative Field",https://www.youtube.com/watch?v=XJMAlbgMfP8,ai_overview|organic|people_also_ask|related_searches
career astrology,7,veadicastro.in,AI Career Prediction by Date of Birth | Free Career Astrology,https://veadicastro.in/ai-career-prediction-by-date-of-birth,ai_overview|organic|people_also_ask|related_searches
career astrology,8,www.akashvaani.com,Career Prediction by Date of Birth - Free Job Astrology,https://www.akashvaani.com/astrology/online-career-and-job,ai_overview|organic|people_also_ask|related_searches
career astrology,9,www.dejathejovian.com,Using Astrology to find your career.,https://www.dejathejovian.com/blog/blog-post-title-two-fwf5d,ai_overview|organic|people_also_ask|related_searches
job astrology,1,vaya.so,Career Prediction by Date of Birth | Free Astrology Job ...,https://vaya.so/tools/career-prediction,ai_overview|organic|related_searches
job astrology,2,www.vastucart.in,Career Prediction by Date of Birth — Free Vedic Tool 2026,https://www.vastucart.in/tools/career-predictor?srsltid=AfmBOor8TrjFVCjGGUYbCECQIptFb8qyQB-Vt2VNhRMJlf6SuN28VcPW,ai_overview|organic|related_searches
job astrology,3,www.youtube.com,Career Astrology Report by Astro Arun Pandit,https://www.youtube.com/watch?v=uaT-xpozZQA,ai_overview|organic|related_searches
job astrology,4,www.astrologics.in,"Career Prediction & Astrology: Job, Business",https://www.astrologics.in/career-prediction,ai_overview|organic|related_searches
job astrology,5,www.akashvaani.com,Career Prediction by Date of Birth - Free Job Astrology,https://www.akashvaani.com/astrology/online-career-and-job,ai_overview|organic|related_searches
job astrology,6,grahadisha.codereveal.in,Free Career Prediction by Date of Birth - GrahaDisha,https://grahadisha.codereveal.in/career,ai_overview|organic|related_searches
job astrology,7,thirumanaporutham.co.in,Career Prediction & Job Astrology | Thirumana Porutham,https://thirumanaporutham.co.in/career-astrology,ai_overview|organic|related_searches
job astrology,8,www.ivaindia.com,Career Predictions in KP Astrology,https://www.ivaindia.com/blog/career-predictions-in-kp-astrology,ai_overview|organic|related_searches
job astrology,9,www.astro.com,Career and Vocation,https://www.astro.com/cgi/atxgen.cgi?btyp=xtvt,ai_overview|organic|related_searches
foreign settlement astrology,1,trikalvaani.com,Foreign Settlement — Videsh Yoga - Trikaal Vaani,https://trikalvaani.com/foreign-settlement,ai_overview|organic|people_also_ask|related_searches
foreign settlement astrology,2,vaya.so,When will I settle abroad? Free Foreign Settlement ...,https://vaya.so/tools/foreign-settlement,ai_overview|organic|people_also_ask|related_searches
foreign settlement astrology,3,www.scribd.com,Astrology of Foreign Settlement | PDF,https://www.scribd.com/document/383250903/Foreign-Travel-and-Settlement-in-Astrology,ai_overview|organic|people_also_ask|related_searches
foreign settlement astrology,4,www.youtube.com,"Foreign Settlement Yoga? Palmistry, Date Of Birth & Kundali ...",https://www.youtube.com/watch?v=H6G2MVexoIc,ai_overview|organic|people_also_ask|related_searches
foreign settlement astrology,5,www.indastro.com,Foreign Settlement in Astrology: Yogas for Living Abroad,https://www.indastro.com/astrology-articles/career-finance/foreign-settlement-in-astrology.html,ai_overview|organic|people_also_ask|related_searches
foreign settlement astrology,6,www.quora.com,Which aspects show settling abroad in a birth chart?,https://www.quora.com/Which-aspects-show-settling-abroad-in-a-birth-chart,ai_overview|organic|people_also_ask|related_searches
foreign settlement astrology,7,astrorishis.com,Foreign Travel & Settlement Astrology - Vedic Predictions,https://astrorishis.com/en/foreign,ai_overview|organic|people_also_ask|related_searches
foreign settlement astrology,8,lifehoroscope.in,Planetary Combinations for Foreign Settlement Astrology,https://lifehoroscope.in/blog/planetary-combinations-for-foreign-settlement-astrology/,ai_overview|organic|people_also_ask|related_searches
foreign settlement astrology,9,timesofindia.indiatimes.com,How astrology predicts foreign settlement and overseas ...,https://timesofindia.indiatimes.com/astrology/kundali-dasha-remedies/how-astrology-predicts-foreign-settlement-and-overseas-success-according-to-birth-chart/articleshow/131322365.cms,ai_overview|organic|people_also_ask|related_searches
foreign travel astrology calculator,1,vaya.so,When will I settle abroad? Free Foreign Settlement ...,https://vaya.so/tools/foreign-settlement,ai_overview|organic|people_also_ask|related_searches
foreign travel astrology calculator,2,astrorishis.com,Foreign Travel & Settlement Astrology - Vedic Predictions,https://astrorishis.com/en/foreign,ai_overview|organic|people_also_ask|related_searches
foreign travel astrology calculator,3,kundligpt.com,Videsh Yoga Report — Foreign Travel & Settlement,https://kundligpt.com/reports/videsh-yoga/,ai_overview|organic|people_also_ask|related_searches
foreign travel astrology calculator,4,asksoma.ai,Foreign Settlement & Migration Checker,https://asksoma.ai/migration-checker,ai_overview|organic|people_also_ask|related_searches
foreign travel astrology calculator,5,www.akashvaani.com,Foreign Settlement Prediction by Date of Birth - Abroad Travel,https://www.akashvaani.com/astrology/foreign-settlement-astrology,ai_overview|organic|people_also_ask|related_searches
foreign travel astrology calculator,6,iiag.co.in,Foreign Settlement in Astrology | Travel Prediction,https://iiag.co.in/articles/astrology/foreign-settlement-astrology,ai_overview|organic|people_also_ask|related_searches
foreign travel astrology calculator,7,www.astroswamig.com,Foreign Settlement or Travel Abroad Prediction by date of ...,https://www.astroswamig.com/blog/foreign-settlement-or-travel-abroad-prediction-by-date-of-birth/,ai_overview|organic|people_also_ask|related_searches
foreign travel astrology calculator,8,paramarsh.app,How to Predict Foreign Travel in the Vedic Chart - Paramarsh,https://paramarsh.app/patrika/life-areas-jyotish/how-to-predict-foreign-travel,ai_overview|organic|people_also_ask|related_searches
foreign travel astrology calculator,9,www.scribd.com,Astrology of Foreign Travel and Settlement | PDF,https://www.scribd.com/document/283948637/Grahas-for-Foreign-Travel,ai_overview|organic|people_also_ask|related_searches
vastu remedies,1,mahavasturemedies.com,MahaVastu Remedies: Buy Authentic Maha Vastu Products ...,https://mahavasturemedies.com/?srsltid=AfmBOopCtEB-YjPHwGrl2uSVIPguvPZQ2DuJlWqpmyH8W-br_s_fH5H0,ai_overview|organic|people_also_ask|popular_products|related_searches
vastu remedies,2,plusvalueindia.com,Vastu Remedies for Home: Shop Online India | Plus Value,https://plusvalueindia.com/collections/vastu-remedies,ai_overview|organic|people_also_ask|popular_products|related_searches
vastu remedies,3,www.magicbricks.com,18 Vastu Dosh Remedies For Home | Vastu Tips,https://www.magicbricks.com/blog/vastu-dosh-remedies/115932.html,ai_overview|organic|people_also_ask|popular_products|related_searches
vastu remedies,4,www.jkcement.com,How to Correct Vastu Defects Without Demolition,https://www.jkcement.com/blog/vastu/vastu-remedies-without-demolition/,ai_overview|organic|people_also_ask|popular_products|related_searches
vastu remedies,5,www.scribd.com,Vaastu Remedies | PDF | Nature,https://www.scribd.com/document/470420157/vaastu-remedies,ai_overview|organic|people_also_ask|popular_products|related_searches
vastu remedies,6,www.vastuplus.com,33 Quick Vastu Remedies,https://www.vastuplus.com/33quickvasturemedies.pdf,ai_overview|organic|people_also_ask|popular_products|related_searches
vastu remedies,7,www.youtube.com,Vastu remedies and corrections for your home,https://www.youtube.com/watch?v=bn2Adz_aR5A,ai_overview|organic|people_also_ask|popular_products|related_searches
vastu remedies,8,www.haridwarrudraksha.com,How to Remove All Vastu Dosh from House,https://www.haridwarrudraksha.com/blogs/blogs/what-is-vastu-dosh-and-how-to-remove-all-vastu-dosh-from-house?srsltid=AfmBOorEjkrVecmzyNu0Y3YGkxHvbX7gW_hHqphFkO11JqiDKCDg99Na,ai_overview|organic|people_also_ask|popular_products|related_searches
vastu remedies,9,www.amazon.in,Vastu Remedies,https://www.amazon.in/vastu-remedies/s?k=vastu+remedies&page=2,ai_overview|organic|people_also_ask|popular_products|related_searches
evil eye remedies,1,realitytoursandtravel.com,7 Best Evil Eye Remedies in India | How Indians Remove ...,https://realitytoursandtravel.com/evil-eye-remedies-in-india/,ai_overview|organic|people_also_ask|popular_products|related_searches
evil eye remedies,2,www.quora.com,What are some astrological remedies to counter the effect ...,https://www.quora.com/What-are-some-astrological-remedies-to-counter-the-effect-of-the-evil-eye-Nazar-Lagna,ai_overview|organic|people_also_ask|popular_products|related_searches
evil eye remedies,3,phool.co,How to Get Rid of Evil Eye from Home?,https://phool.co/blogs/festivalstraditions/how-to-get-rid-of-evil-eye-from-home-a-guide-to-ward-off-negative-energy?srsltid=AfmBOooUWmmV8r7iHlFf4KzjxBRtbYoB32y5iazq2etWy941Vq8xLWd-,ai_overview|organic|people_also_ask|popular_products|related_searches
evil eye remedies,4,anahataorganic.com,VEDIC RITUALS FOR EVIL EYE PROTECTION,https://anahataorganic.com/blogs/new-blog/vedic-rituals-for-evil-eye-protection?srsltid=AfmBOoqsZjT2T-DZsOTNQmOjvyChg4rExS4F0TIsMa2MSZkZnP23uh_a,ai_overview|organic|people_also_ask|popular_products|related_searches
evil eye remedies,5,www.youtube.com,How Evil Eye Can Harm You & How To Protect Yourself,https://www.youtube.com/watch?v=b2Tm-1zY_60,ai_overview|organic|people_also_ask|popular_products|related_searches
evil eye remedies,6,www.facebook.com,Protect Yourself from Evil Energies & the Evil Eye! ✨ Keep ...,https://www.facebook.com/futurepoint/videos/-protect-yourself-from-evil-energies-the-evil-eye-keep-these-simple-yet-powerful/1606097563676801/,ai_overview|organic|people_also_ask|popular_products|related_searches
evil eye remedies,7,timesofindia.indiatimes.com,Simple Home Remedies Against the Evil Eye,https://timesofindia.indiatimes.com/astrology/others/simple-home-remedies-against-the-evil-eye/articleshow/127884126.cms,ai_overview|organic|people_also_ask|popular_products|related_searches
evil eye remedies,8,www.dalemkushner.com,Remedies for the Evil Eye,https://www.dalemkushner.com/blog/remedies-for-the-evil-eye,ai_overview|organic|people_also_ask|popular_products|related_searches
evil eye remedies,9,surbhika.com,Protection from Evil Eye & Negative Energy (Nazar),https://surbhika.com/blogs/news/protection-from-evil-eye-protection-from-negative-energy,ai_overview|organic|people_also_ask|popular_products|related_searches
