family,keyword,search_volume,keyword_difficulty,intent,competition,competition_level,cpc,last_month_volume
career_job,gemini profession,450000,62,informational,0.21,LOW,0.03,673000
mantra_variant,rahu beej mantra,12100,0,informational,0,LOW,,12100
mantra_variant,budh mantra,9900,0,informational,0,LOW,0.27,8100
mantra_variant,shani beej mantra,9900,0,informational,0,LOW,,12100
mantra_variant,shukra beej mantra,8100,0,informational,0,LOW,,12100
career_job,career for gemini,5400,6,informational,0,LOW,0.11,2400
mantra_variant,chandra beej mantra,4400,0,informational,0,LOW,,4400
house_placement,ketu 8th house remedies,4400,0,informational,0,LOW,0.02,3600
mantra_variant,ketu beej mantra,4400,0,transactional,0,LOW,0.19,4400
mantra_variant,mangal beej mantra,4400,0,informational,0,LOW,,4400
mantra_variant,navagraha beej mantra,4400,0,informational,0,LOW,,3600
mantra_variant,navagraha mantra,4400,0,informational,0,LOW,,4400
mantra_variant,navagraha shanti mantra,4400,0,informational,0,LOW,,4400
mantra_variant,sun beej mantra,4400,0,informational,0,LOW,,4400
mantra_variant,surya beej mantra,4400,0,informational,0,LOW,,4400
mantra_variant,budh beej mantra,3600,0,informational,0,LOW,,4400
mantra_variant,rahu gayatri mantra,3600,0,informational,0,LOW,,2900
mantra_variant,brihaspati beej mantra,2900,0,informational,0,LOW,,2900
mantra_variant,rahu mantra jaap,2900,0,informational,0.01,LOW,1,2900
career_job,astrology and career,2400,3,informational,0.24,LOW,0.19,2400
career_job,astrology regarding career,2400,0,informational,0.24,LOW,0.19,2400
career_job,career astrology,2400,2,informational,0.24,LOW,0.19,2400
career_job,career prediction as per date of birth,2400,20,informational,0.29,LOW,0.09,2400
career_job,career prediction based on date of birth,2400,0,informational,0.29,LOW,0.09,2400
career_job,career prediction by date of birth,2400,0,informational,0.29,LOW,0.09,2400
mantra_variant,guru grah mantra,2400,12,informational,0,LOW,,2900
career_job,job prediction according to date of birth,2400,0,informational,0.29,LOW,0.09,2400
career_job,profession prediction by date of birth,2400,0,informational,0.29,LOW,0.09,2400
mantra_variant,beej mantra of shani dev,1900,0,informational,0,LOW,0.01,1900
mantra_variant,budh grah mantra,1900,0,informational,0,LOW,,1900
mantra_variant,mangal grah mantra,1900,10,informational,0,LOW,,1900
mantra_variant,mangal graha mantra,1900,0,informational,0,LOW,,1900
dasha,rahu dasha remedies,1900,23,informational,0.05,LOW,0.06,1300
mantra_variant,rahu ka beej mantra,1900,0,informational,0,LOW,,1900
dasha,rahu mahadasha remedies,1900,0,informational,0.05,LOW,0.06,1300
mantra_variant,shukra graha mantra,1900,0,informational,0,LOW,,1900
career_job,astrotalk career,1600,2,navigational,0.03,LOW,0.6,1900
dasha,effect of rahu mahadasha,1600,0,informational,0.05,LOW,0.01,1600
career_job,astrologist job,1300,15,navigational,0.1,LOW,0.19,1300
career_job,astrology regarding job,1300,0,informational,0.1,LOW,0.19,1300
career_job,career prediction by date of birth free,1300,5,informational,0.36,MEDIUM,0.1,1900
career_job,career prediction by date of birth indian astrology free,1300,0,informational,0.31,LOW,0.1,1300
career_job,job astrology,1300,16,informational,0.1,LOW,0.1,1000
career_job,job prediction by date of birth free,1300,0,informational,0.36,MEDIUM,0.1,1900
mantra_variant,navagraha mantra in telugu,1300,0,informational,0,LOW,,1000
mantra_variant,budh graha mantra,1000,0,informational,0,LOW,,880
dasha,effect of ketu mahadasha,1000,0,informational,0.02,LOW,0.01,1000
mantra_variant,navagraha mantra kannada,1000,0,informational,0,LOW,,880
mantra_variant,rahu jaap mantra,1000,0,informational,0.01,LOW,0.23,1000
career_job,astrology career prediction,880,0,informational,0.3,LOW,0.12,880
career_job,astrology job prediction,880,0,informational,0.3,LOW,0.12,880
mantra_variant,navagraha gayatri mantra,880,0,informational,0,LOW,,720
mantra_variant,rahu beej mantra in english,880,0,informational,0,LOW,,720
mantra_variant,shani beej mantra in english,880,0,informational,0,LOW,,720
mantra_variant,shani ka beej mantra,880,0,informational,0,LOW,,720
mantra_variant,venus beej mantra,880,0,informational,0,LOW,,720
career_job,career prediction,720,0,informational,0.24,LOW,0.12,720
foreign_settlement,foreign settlement astrology,720,0,informational,0.03,LOW,1.26,590
career_job,job calculator by date of birth free,720,0,informational,0.19,LOW,0.05,590
mantra_variant,jupiter beej mantra,720,0,informational,0,LOW,,590
mantra_variant,ketu ka beej mantra,720,0,transactional,0,LOW,,880
career_job,astrology and business,590,0,informational,0.11,LOW,0.45,590
mantra_variant,benefits of rahu beej mantra,590,0,informational,0,LOW,,390
mantra_variant,budh ka beej mantra,590,0,informational,0,LOW,,720
career_job,business astrology,590,0,informational,0.11,LOW,0.45,590
career_job,career in kundali,590,0,informational,0.41,MEDIUM,0.07,590
career_job,career kundali,590,0,navigational,0.41,MEDIUM,0.07,590
career_job,career prediction according to date of birth,590,0,informational,0.42,MEDIUM,0.1,480
career_job,career prediction by dob,590,0,informational,0.42,MEDIUM,0.1,480
career_job,job prediction by date of birth,590,0,informational,0.32,LOW,0.07,590
career_job,kundali career,590,0,navigational,0.41,MEDIUM,0.07,590
career_job,kundali for career,590,0,navigational,0.41,MEDIUM,0.07,590
career_job,kundli for career,590,0,navigational,0.41,MEDIUM,0.07,590
dasha,shani dasha effects and remedies,590,0,informational,0.03,LOW,0.04,320
dasha,shani dasha remedies,590,9,informational,0.03,LOW,0.04,320
mantra_variant,shani dev ka beej mantra,590,0,informational,0,LOW,,590
dasha,shani mahadasha remedies,590,0,informational,0.03,LOW,0.04,320
mantra_variant,shukra beej mantra in english,590,0,informational,0,LOW,,480
career_job,career astrology free,480,0,informational,0.3,LOW,0.15,320
foreign_settlement,foreign settlement calculator,480,0,informational,0.09,LOW,0.1,590
career_job,free astrology predictions for career,480,21,informational,0.33,MEDIUM,0.08,480
mantra_variant,graha mantra,480,0,informational,0,LOW,,320
dasha,ketu dasha remedies,480,0,informational,0.02,LOW,0.06,320
mantra_variant,navagraha mantra english,480,0,informational,0,LOW,,390
mantra_variant,navagraha mantra in tamil,480,0,informational,0,LOW,,590
mantra_variant,navagraha pooja mantra,480,0,informational,0,LOW,,320
mantra_variant,navagraha puja mantra,480,0,informational,0,LOW,,260
mantra_variant,surya ka beej mantra,480,0,informational,0,LOW,,480
career_job,true career predictions free,480,0,informational,0.24,LOW,0.14,210
career_job,career astrology by date of birth,390,0,informational,0.4,MEDIUM,0.11,590
mantra_variant,chandra beej mantra benefits,390,0,informational,0,LOW,,260
mantra_variant,chandra grah mantra,390,0,informational,0,LOW,,320
mantra_variant,chandra graha mantra,390,0,informational,0,LOW,,210
career_job,govt job prediction by date of birth free online,390,0,commercial,0,LOW,,590
dasha,ketu mahadasha remedies,390,0,informational,0.02,LOW,0.1,320
mantra_variant,navagraha gayatri mantra in telugu,390,0,informational,0,LOW,,480
mantra_variant,rahu ketu beej mantra,390,0,informational,0,LOW,,260
mantra_variant,shani grah mantra,390,0,informational,0,LOW,,320
dasha,shani ki mahadasha ke upay,390,0,informational,0.02,LOW,0.51,320
mantra_variant,9 navagraha mantra,320,0,informational,0,LOW,,260
mantra_variant,9 navagraha mantra in tamil,320,0,informational,0,LOW,,320
career_job,astrologist career,320,0,navigational,0.21,LOW,0.12,390
mantra_variant,benefits of surya beej mantra,320,0,informational,0,LOW,,260
career_job,free govt job prediction by date of birth,320,36,informational,0.28,LOW,0.09,210
career_job,govt job prediction by date of birth,320,35,informational,0.26,LOW,0.05,260
house_placement,ketu 7th house remedies,320,0,informational,0.02,LOW,0.01,210
mantra_variant,rahu gayatri mantra benefits,320,0,informational,0,LOW,,70
mantra_variant,rahu graha mantra,320,0,informational,0,LOW,,210
dasha,rahu mahadasha benefits,320,0,informational,0.03,LOW,0.02,210
mantra_variant,shani beej mantra 108 times,320,0,informational,0,LOW,,320
mantra_variant,surya beej mantra benefits,320,0,informational,0,LOW,,260
mantra_variant,surya dev ka beej mantra,320,0,informational,0,LOW,,260
career_job,astrology career calculator,260,0,informational,0.16,LOW,0.09,320
career_job,astrotalk job,260,0,informational,0.02,LOW,0.24,320
mantra_variant,budh beej mantra benefits,260,0,informational,0,LOW,,210
career_job,career astrology by date of birth free,260,0,informational,0.42,MEDIUM,0.12,480
career_job,career astrology calculator,260,0,informational,0.16,LOW,0.09,320
career_job,career prediction in vedic astrology,260,0,informational,0.02,LOW,0.1,1000
career_job,career prediction vedic astrology,260,0,informational,0.02,LOW,0.1,1000
career_job,free career prediction,260,0,informational,0.35,MEDIUM,0.17,170
mantra_variant,graha mantra of all 9 planets,260,0,informational,0,LOW,,210
career_job,job astrology online,260,0,informational,0,LOW,,210
career_job,job prediction free,260,1,informational,0.35,MEDIUM,0.17,170
house_placement,rahu 7th house remedies,260,0,informational,0.01,LOW,0.01,210
mantra_variant,rahu gayatri mantra in english,260,0,informational,0,LOW,,140
dasha,rahu mahadasha ke upay,260,0,informational,0.03,LOW,0.01,260
mantra_variant,shani beej mantra benefits,260,0,informational,0,LOW,,320
mantra_variant,shani beej mantra in hindi,260,0,informational,0,LOW,,210
mantra_variant,shukra beej mantra benefits,260,0,informational,0,LOW,,260
house_placement,8th house rahu remedies,210,0,informational,0.01,LOW,0.02,170
mantra_variant,9 graha mantra,210,0,informational,0,LOW,,140
career_job,aquarius and career,210,0,informational,0,LOW,,170
career_job,aquarius career,210,0,informational,0,LOW,,170
career_job,aquarius job,210,0,informational,0,LOW,,170
mantra_variant,beej mantra for saturn,210,0,informational,0,LOW,,170
mantra_variant,budh grah ka beej mantra,210,47,informational,0,LOW,,260
career_job,capricorn profession,210,,informational,0,LOW,0.31,320
mantra_variant,chandra graha mantra in telugu,210,0,informational,0,LOW,,90
foreign_settlement,foreign travel astrology calculator,210,0,informational,0.09,LOW,0.08,260
career_job,government job astrology,210,0,informational,0.05,LOW,0.05,210
mantra_variant,ketu graha mantra,210,11,informational,0,LOW,,140
career_job,leo astrology career,210,0,informational,0,LOW,,140
mantra_variant,mangal beej mantra benefits,210,0,informational,0,LOW,,210
mantra_variant,mantra for shani graha,210,0,informational,0,LOW,,170
mantra_variant,rahu beej mantra in hindi,210,0,informational,0,LOW,,390
dasha,rahu ki mahadasha ke lakshan,210,0,informational,0.02,LOW,,170
mantra_variant,rahu mantra jaap benefits,210,,informational,0.02,LOW,0.79,320
mantra_variant,rahu tantrik mantra,210,0,informational,0.01,LOW,,260
mantra_variant,saturn beej mantra,210,0,informational,0,LOW,,170
mantra_variant,shani beej mantra in bengali,210,,informational,0,LOW,,260
mantra_variant,shani graha mantra,210,0,informational,0,LOW,,170
career_job,aries and career,170,0,informational,0,LOW,,140
career_job,aries career,170,0,informational,0,LOW,,140
dasha,best remedy for rahu mahadasha,170,0,informational,0.13,LOW,0.33,140
career_job,capricorn and career,170,0,informational,0,LOW,0.02,140
career_job,capricorn career,170,14,informational,0,LOW,0.02,140
career_job,career birth chart calculator,170,0,informational,0,LOW,0.71,590
career_job,government job calculator by date of birth,170,0,informational,0.12,LOW,0.04,480
career_job,kundali for career free,170,23,informational,0.32,LOW,0.07,170
career_job,kundli career prediction,170,27,navigational,0.41,MEDIUM,0.09,140
career_job,career based on date of birth,170,0,informational,0.27,LOW,0.08,110
career_job,career for libra,170,0,informational,0,LOW,0.01,170
career_job,career for virgo,170,0,informational,0,LOW,,170
career_job,career of capricorn,170,14,informational,0,LOW,0.02,140
career_job,career prediction by kundali,170,28,informational,0.43,MEDIUM,0.14,110
career_job,career prediction by kundli,170,12,navigational,0.41,MEDIUM,0.09,140
dasha,guru ki mahadasha ke upay,170,50,informational,0.01,LOW,,110
career_job,job in kundali,170,17,informational,0.25,LOW,0.09,170
career_job,job kundali,170,17,informational,0.25,LOW,0.09,170
career_job,kundali for job,170,17,informational,0.25,LOW,0.09,170
career_job,kundali job,170,17,informational,0.25,LOW,0.09,170
career_job,kundli for job,170,0,informational,0.25,LOW,0.09,170
foreign_settlement,permanent foreign settlement astrology,170,0,informational,0.07,LOW,0.08,170
mantra_variant,rahu dev beej mantra,170,,informational,0,LOW,,210
mantra_variant,rahu ka jaap mantra,170,0,informational,0,LOW,,170
mantra_variant,rahu mantra ka jaap,170,0,informational,0,LOW,,210
mantra_variant,shani beej mantra in kannada,170,48,informational,0,LOW,,170
mantra_variant,shani bija mantra,170,,informational,0,LOW,,140
mantra_variant,surya bija mantra,170,48,informational,0,LOW,,170
mantra_variant,surya navagraha mantra,170,56,informational,0,LOW,,70
foreign_settlement,foreign travel astrology,140,0,informational,0.02,LOW,0.33,110
house_placement,saturn 8th house remedies,140,0,informational,0,LOW,,90
career_job,aries profession,140,,informational,0.01,LOW,,110
mantra_variant,budh mantra 108,140,58,informational,0,LOW,,210
career_job,career for sagittarius,140,0,informational,0.01,LOW,,110
foreign_settlement,foreign trip astrology,140,0,informational,0.02,LOW,0.06,110
career_job,government job in kundali,140,0,informational,0.03,LOW,0.01,110
career_job,government job kundli,140,0,informational,0.03,LOW,0.01,110
career_job,govt job kundli,140,0,navigational,0.03,LOW,0.01,110
mantra_variant,graha shanti mantra,140,47,informational,0,LOW,,70
mantra_variant,guru navagraha mantra,140,46,informational,0,LOW,,140
career_job,job astrology by date of birth,140,0,informational,0.27,LOW,0.08,70
mantra_variant,ketu gayatri mantra in english,140,,informational,0,LOW,,140
mantra_variant,navagraha mantra tamil,140,0,informational,0,LOW,,110
dasha,rahu ki antardasha ke upay,140,47,informational,0.01,LOW,,110
mantra_variant,shani beej mantra jaap,140,11,informational,0.01,LOW,,110
mantra_variant,shani dev beej mantra in english,140,0,informational,0,LOW,,70
mantra_variant,shani dev beej mantra in hindi,140,,informational,0,LOW,,110
mantra_variant,shukra bija mantra,140,,informational,0,LOW,,110
mantra_variant,shukra tantrik mantra,140,14,informational,0,LOW,,90
dasha,moon mahadasha remedies,110,0,informational,0,LOW,,110
conjunction,moon rahu conjunction remedies,110,0,informational,0,LOW,,90
career_job,free janam kundali analysis for career,110,20,navigational,0.37,MEDIUM,0.06,50
mantra_variant,ketu beej mantra benefits,110,0,informational,0,LOW,,90
dasha,ketu ki dasha ke upay,110,46,informational,0.01,LOW,,90
career_job,libra career next week,110,0,informational,0,LOW,,140
career_job,libra career this week,110,3,informational,0,LOW,,140
house_placement,moon in 8th house remedies,110,24,informational,0.01,LOW,0.01,110
career_job,my career prediction,110,20,informational,0.38,MEDIUM,0.16,90
career_job,my future career prediction,110,3,informational,0.16,LOW,0.03,50
mantra_variant,navagraha beej mantra in english,110,,informational,0,LOW,,70
mantra_variant,navagraha bija mantra,110,0,informational,0,LOW,,70
mantra_variant,navagraha mantra to remove obstacles in life,110,54,informational,0,LOW,,90
mantra_variant,navagraha moola mantra,110,46,informational,0,LOW,,90
house_placement,rahu in 1st house and ketu in 7th house remedies,110,0,informational,0.01,LOW,,90
house_placement,rahu in 8th house and ketu in 2nd house remedies,110,,informational,0,LOW,,90
mantra_variant,rahu ke beej mantra,110,,informational,0,LOW,,110
dasha,rahu mahadasha upay,110,47,informational,0.05,LOW,0.01,110
mantra_variant,sarva graha shanti mantra,110,47,informational,0,LOW,,90
mantra_variant,shani beej mantra english,110,0,informational,0,LOW,,110
dasha,shani ki dasha ke upay,110,0,informational,0.02,LOW,,110
dasha,shukra ki mahadasha ke upay,110,48,informational,0.01,LOW,,90
mantra_variant,surya bhagwan ka beej mantra,110,,informational,0,LOW,,110
mantra_variant,surya graha mantra,110,14,informational,0,LOW,,110
house_placement,jupiter 8th house remedies,90,47,informational,0,LOW,,70
career_job,astrology profession,90,0,informational,0.1,LOW,0.24,90
mantra_variant,beej mantra of surya dev,90,0,informational,0,LOW,,50
career_job,career chart in astrology,90,,informational,0,LOW,,70
career_job,career date of birth,90,0,informational,0.29,LOW,0.06,70
career_job,career kundali free,90,23,informational,0.4,MEDIUM,0.03,70
career_job,career kundli free,90,54,informational,0.4,MEDIUM,0.03,70
career_job,free astrology for job,90,,informational,0.34,MEDIUM,0.19,110
career_job,govt job prediction by date of birth free,90,36,navigational,0.26,LOW,0.04,170
career_job,job opportunities for astrologers,90,50,informational,0.01,LOW,0.01,70
mantra_variant,ketu gayatri mantra benefits,90,,informational,0,LOW,,90
career_job,kundali career prediction,90,28,navigational,0.41,MEDIUM,0.2,70
dasha,lal kitab remedies for rahu mahadasha,90,,informational,0.04,LOW,,70
mantra_variant,mangal grah shanti mantra,90,50,informational,0,LOW,,70
mantra_variant,one mantra for all navagraha,90,16,informational,0,LOW,,10
dasha,rahu ki dasha ke lakshan,90,0,informational,0.02,LOW,,70
career_job,sagittarius profession,90,,informational,0,LOW,,50
mantra_variant,shani beej mantra in telugu,90,,informational,0,LOW,,140
dasha,shani mahadasha upay,90,,informational,0.01,LOW,,50
career_job,tula rashi business,90,51,commercial,0,LOW,,50
career_job,tula rashi career,90,48,informational,0,LOW,,110
career_job,job astrology calculator,70,40,informational,0.1,LOW,0.05,170
dasha,jupiter mahadasha remedies,70,44,informational,0.01,LOW,,90
mantra_variant,9 navagraha mantra in english,70,,informational,0,LOW,,70
career_job,astrology career by date of birth,70,18,informational,0.43,MEDIUM,0.11,110
career_job,astrology job calculator,70,,informational,0.1,LOW,0.05,170
career_job,astroyogi career,70,,navigational,0.03,LOW,0.43,90
mantra_variant,beej mantra rahu,70,0,informational,0,LOW,,40
mantra_variant,beej mantra shani dev,70,0,informational,0,LOW,,50
career_job,business in kundli,70,43,navigational,0.24,LOW,0.12,70
career_job,capricorn future career,70,44,informational,0,LOW,,50
career_job,career according to astrology,70,19,informational,0.26,LOW,0.15,90
career_job,career by zodiac sign,70,,informational,0,LOW,,90
career_job,career kundali by date of birth,70,,informational,0.33,LOW,0.04,50
career_job,career prediction by date of birth indian astrology,70,10,informational,0.33,LOW,0.13,50
dasha,chandra ki mahadasha ke upay,70,,informational,0.02,LOW,,50
mantra_variant,chandra navagraha mantra,70,51,informational,0,LOW,,20
career_job,dhanu rashi career,70,48,informational,0,LOW,,90
foreign_settlement,foreign settlement after marriage astrology,70,14,informational,0.05,LOW,0.38,90
foreign_settlement,foreign settlement astrology calculator,70,27,informational,0.08,LOW,0.17,50
foreign_settlement,foreign settlement astrology calculator free,70,43,informational,0.11,LOW,0.06,110
career_job,government job astrology by date of birth,70,,informational,0.22,LOW,0.02,90
house_placement,if ketu is in 7th house,70,,informational,0,LOW,,50
career_job,job calculator by date of birth free in hindi,70,,informational,0.14,LOW,0.02,90
career_job,job prediction by date of birth free online,70,,informational,0,LOW,,50
career_job,kundali career prediction free,70,,navigational,0.38,MEDIUM,0.04,70
career_job,makar rashi career,70,48,informational,0,LOW,,70
career_job,mars related profession in astrology,70,,informational,0,LOW,,110
mantra_variant,most powerful navagraha mantra,70,,informational,0,LOW,,70
mantra_variant,navagraha japa mantra in telugu,70,,informational,0,LOW,,30
mantra_variant,navagraha veda mantra,70,24,informational,0,LOW,,50
career_job,pisces career next week,70,46,informational,0,LOW,,70
career_job,pisces next week career,70,46,informational,0,LOW,,70
career_job,political career astrology by date of birth free,70,42,informational,0.28,LOW,0.21,50
career_job,profession according to astrology,70,,informational,0.26,LOW,0.15,90
mantra_variant,rahu grah ka beej mantra,70,,informational,0,LOW,,70
mantra_variant,rahu ketu jaap mantra,70,,informational,0.02,LOW,,70
dasha,rahu mahadasha ketu antardasha effects,70,,informational,0.02,LOW,0.01,50
dasha,rahu mahadasha ketu antardasha remedies,70,,informational,0.03,LOW,,50
dasha,rahu mahadasha venus antardasha effects,70,,informational,0,LOW,,40
mantra_variant,rahu mantra jaap time,70,46,informational,0.01,LOW,,50
dasha,remedies for saturn mahadasha,70,44,informational,0.01,LOW,,50
dasha,remedies for shukra mahadasha,70,40,informational,0.02,LOW,,50
dasha,saturn mahadasha rahu antardasha remedies,70,,informational,0,LOW,,40
mantra_variant,shani mantra beej,70,0,informational,0,LOW,,70
career_job,vedic astrology career analysis,70,,informational,0.01,LOW,,260
career_job,virgo career next week,70,31,informational,0,LOW,,110
career_job,zodiac sign profession,70,,informational,0,LOW,,20
dasha,mercury mahadasha remedies,50,47,informational,0.02,LOW,0.02,40
career_job,promotion astrology,50,,commercial,0.02,LOW,,50
house_placement,rahu 8th house remedies,50,0,informational,0.01,LOW,,30
conjunction,sun saturn conjunction remedies,50,,informational,0.02,LOW,,20
dasha,venus mahadasha remedies,50,42,informational,0.03,LOW,0.01,50
career_job,aquarius best career,50,,informational,0,LOW,,50
career_job,aries future career,50,44,informational,0,LOW,,40
career_job,astrology career chart,50,,informational,0,LOW,,50
career_job,astrology for government job,50,0,informational,0.16,LOW,0.08,50
career_job,best career for pisces,50,,informational,0,LOW,,30
career_job,best profession for aquarius,50,,informational,0,LOW,,50
career_job,birth chart career,50,,informational,0,LOW,,50
career_job,business astrology by date of birth,50,14,informational,0.3,LOW,0.22,50
career_job,business prediction astrology,50,,informational,0.31,LOW,0.25,40
career_job,business yoga in astrology,50,,informational,0.04,LOW,0.18,50
career_job,cancer astrology career,50,0,informational,0,LOW,,40
career_job,capricorn career this week,50,,informational,0,LOW,,70
career_job,career analysis astrology,50,,informational,0.32,LOW,0.15,70
career_job,career astrology by date of birth and time,50,,informational,0.18,LOW,0.07,90
career_job,career astrology vedic,50,46,informational,0.09,LOW,0.06,70
career_job,career calculator by date of birth,50,0,informational,0.15,LOW,0.04,40
career_job,career in natal chart,50,,informational,0,LOW,,50
career_job,career in politics astrology,50,,informational,0.03,LOW,0.05,30
career_job,career kundali free online,50,50,navigational,0.42,MEDIUM,0.05,140
career_job,career prediction by birth chart,50,60,informational,0.01,LOW,0.33,20
career_job,career prediction by date of birth and time,50,,informational,0.18,LOW,0.07,90
career_job,career prediction by date of birth and time free,50,22,informational,0.1,LOW,0.02,90
dasha,chandra mahadasha remedies,50,42,informational,0.01,LOW,,50
mantra_variant,chandra tantrik mantra,50,44,informational,0,LOW,,30
foreign_settlement,foreign astrology,50,,informational,0.11,LOW,,50
career_job,future job prediction by date of birth,50,43,informational,0.28,LOW,0.05,90
dasha,guru mahadasha remedies,50,19,informational,0.02,LOW,,50
career_job,job for libra,50,20,informational,0,LOW,,50
career_job,job in astrology call center,50,,informational,0.03,LOW,0.02,30
career_job,kanya rashi business,50,,informational,0,LOW,,50
career_job,kark rashi business,50,,informational,0,LOW,,40
mantra_variant,ketu grah ka beej mantra,50,0,informational,0,LOW,,70
dasha,ketu mahadasha ke upay,50,,informational,0.05,LOW,0.01,50
dasha,ketu mahadasha mercury antardasha effects,50,0,informational,0,LOW,,30
dasha,ketu mahadasha upay,50,0,informational,0.04,LOW,0.01,50
career_job,mars profession in astrology,50,,informational,0,LOW,,30
career_job,meen rashi business,50,,informational,0,LOW,,70
career_job,my career astrology,50,64,informational,0.56,MEDIUM,0.07,70
mantra_variant,navagraha havan mantra,50,,informational,0.01,LOW,,30
mantra_variant,navagraha homa mantra,50,,informational,0,LOW,,40
career_job,political career astrology,50,,informational,0.04,LOW,,20
career_job,political career in astrology,50,,informational,0.04,LOW,,20
dasha,rahu mahadasha mercury antardasha effects,50,,informational,0,LOW,,40
dasha,rahu mahadasha moon antardasha effects,50,,informational,0.03,LOW,,30
dasha,rahu mahadasha sun antardasha effects,50,,informational,0.01,LOW,,30
career_job,sagittarius career this week,50,,informational,0,LOW,,50
mantra_variant,shani ke beej mantra,50,,informational,0,LOW,,40
mantra_variant,shani navagraha mantra,50,52,informational,0,LOW,,50
mantra_variant,shukra beej mantra for love,50,,informational,0,LOW,,40
career_job,varahi career astrology,50,,informational,0,LOW,,10
career_job,virgo career this week,50,51,informational,0,LOW,,70
career_job,virgo profession,50,,informational,0,LOW,,50
career_job,vrishabha rashi career,50,,informational,0,LOW,,170
career_job,best career for capricorn,50,,informational,0,LOW,,30
career_job,best job for capricorn,50,47,informational,0,LOW,,30
career_job,career prediction by numerology,50,43,informational,0.21,LOW,0.11,70
career_job,government job by date of birth,50,43,informational,0.14,LOW,0.04,50
career_job,government job kundali,50,0,informational,0.14,LOW,0.02,50
career_job,job change astrology calculator,50,,informational,0.24,LOW,0.12,50
house_placement,jupiter in 8th house lal kitab,50,42,informational,0,LOW,,20
dasha,jupiter mahadasha rahu antardasha remedies,50,,informational,0.12,LOW,,30
dasha,ketu mahadasha benefits,50,,informational,0.01,LOW,0.01,50
dasha,moon mahadasha rahu antardasha remedies,50,,informational,0.05,LOW,,30
dasha,rahu mahadasha remedies hindi,50,47,informational,0.03,LOW,,30
dasha,saturn mahadasha venus antardasha effects,50,,informational,0.01,LOW,,20
career_job,taurus career this week,50,46,informational,0,LOW,,30
dasha,mars mahadasha remedies,40,44,informational,0.02,LOW,,30
career_job,aries best career,40,,informational,0,LOW,,30
career_job,career astrology reading,40,,informational,0.31,LOW,0.17,70
career_job,free career prediction by date of birth indian astrology,40,0,informational,0.32,LOW,0.05,70
career_job,government job astrology calculator,40,,navigational,0.1,LOW,0.03,90
career_job,kp astrology career prediction free,40,0,informational,0.2,LOW,0.14,50
dasha,rahu mahadasha mars antardasha effects,40,,informational,0,LOW,,50
dasha,19 years of shani mahadasha remedies,40,,informational,0.03,LOW,,20
house_placement,7th house ketu remedies,40,0,informational,0.02,LOW,,30
career_job,aries career this week,40,44,informational,0.02,LOW,,30
career_job,astrological career guidance,40,,informational,0.32,LOW,0.4,50
career_job,astrology and profession,40,,informational,0.03,LOW,0.05,40
career_job,astrology career prediction by date of birth,40,,informational,0.3,LOW,0.12,70
career_job,astrology for future career,40,,informational,0.02,LOW,0.58,70
career_job,astrology for job prediction free,40,43,informational,0.5,MEDIUM,0.06,70
career_job,astrology future career,40,,informational,0.02,LOW,0.58,70
mantra_variant,beej mantra shukra,40,0,informational,0,LOW,,30
career_job,best career for aquarius female,40,,informational,0,LOW,,50
career_job,best career for sagittarius,40,,informational,0,LOW,,40
career_job,best career for virgo,40,50,informational,0,LOW,,30
career_job,best job for aries,40,48,informational,0,LOW,,30
career_job,best job for aries female,40,46,informational,0,LOW,,30
career_job,business astrology by date of birth free,40,39,informational,0.3,LOW,0.23,30
career_job,capricorn career next week,40,46,informational,0,LOW,,30
career_job,capricorn job,40,50,informational,0,LOW,,30
career_job,capricorn next week career,40,46,informational,0,LOW,,30
career_job,career guidance astrology,40,,informational,0.37,MEDIUM,0.13,40
career_job,career through astrology,40,44,informational,0.15,LOW,0.08,50
career_job,career zodiac,40,50,informational,0.01,LOW,,70
foreign_settlement,foreign settlement in kundli,40,,navigational,0.01,LOW,,20
foreign_settlement,foreign settlement yoga calculator free,40,,informational,0.03,LOW,0.02,30
foreign_settlement,foreign travel astrology by date of birth,40,43,informational,0.13,LOW,0.08,40
foreign_settlement,foreign travel astrology calculator free,40,,informational,0.08,LOW,0.07,40
career_job,free business astrology by date of birth,40,39,informational,0.3,LOW,0.23,30
career_job,free govt job prediction by date of birth in hindi,40,16,informational,0.1,LOW,0.01,30
career_job,free kundli analysis for career,40,,navigational,0.36,MEDIUM,0.13,50
career_job,free vedic astrology career prediction,40,67,informational,0.29,LOW,0.03,30
career_job,future career prediction by date of birth free,40,,informational,0.03,LOW,0.41,40
career_job,government job calculator astrology,40,,navigational,0.18,LOW,0.01,40
career_job,govt job prediction by date of birth free in tamil,40,50,informational,0.12,LOW,0.01,20
career_job,job kundli by date of birth,40,26,informational,0.36,MEDIUM,0.17,30
career_job,job related astrology,40,21,informational,0.38,MEDIUM,0.11,40
dasha,jupiter mahadasha mercury antardasha effects,40,,informational,0.01,LOW,,20
dasha,ketu mahadasha jupiter antardasha effects,40,,informational,0,LOW,,30
dasha,ketu mahadasha rahu antardasha effects,40,,informational,0.01,LOW,,30
career_job,kundali job prediction,40,,informational,0.45,MEDIUM,0.04,40
house_placement,lal kitab remedies for moon in 8th house,40,,transactional,0.03,LOW,,30
career_job,libra future career,40,50,informational,0,LOW,,30
mantra_variant,mangal graha shanti mantra,40,47,informational,0,LOW,,40
dasha,mangal mahadasha remedies,40,,informational,0.02,LOW,,30
house_placement,moon in 8th house lal kitab,40,44,informational,0,LOW,,20
dasha,moon mahadasha rahu antardasha effects,40,,informational,0,LOW,,20
dasha,moon mahadasha venus antardasha effects,40,,informational,0,LOW,,20
career_job,my career prediction by date of birth free,40,,informational,0.51,MEDIUM,0.11,50
mantra_variant,navagraha guru mantra in tamil,40,,informational,0,LOW,,50
mantra_variant,navagraha japa mantra,40,51,informational,0,LOW,,30
mantra_variant,navagraha tantrik mantra,40,,informational,0,LOW,,20
dasha,rahu dasha shukra bhukti effects,40,,informational,0.04,LOW,,40
mantra_variant,rahu graha shanti mantra,40,48,informational,0,LOW,,40
house_placement,rahu in 8th house lal kitab,40,42,informational,0,LOW,,20
mantra_variant,rahu jaap mantra in hindi,40,,informational,0.02,LOW,,70
mantra_variant,rahu ke mantra ka jaap,40,,informational,0,LOW,,30
dasha,rahu mahadasha jupiter antardasha effects,40,,informational,0.08,LOW,0.01,20
dasha,rahu mahadasha moon antardasha benefits,40,,informational,0.03,LOW,0.01,30
dasha,rahu mahadasha moon antardasha remedies,40,,informational,0.07,LOW,0.94,20
dasha,rahu mahadasha saturn antardasha remedies,40,,informational,0.02,LOW,,20
mantra_variant,rahu mantra beej,40,0,informational,0,LOW,,50
career_job,sagittarius career daily,40,,informational,0,LOW,,40
career_job,sagittarius daily career,40,,informational,0,LOW,,40
dasha,saturn mahadasha ketu antardasha remedies,40,,informational,0,LOW,,30
mantra_variant,shani beej mantra 108,40,58,informational,0,LOW,,10
mantra_variant,shani grah ka beej mantra,40,,informational,0,LOW,,40
mantra_variant,shani grah shanti mantra,40,,informational,0,LOW,,20
dasha,shani mahadasha benefits,40,,informational,0.01,LOW,,20
dasha,shani mahadasha rahu antardasha effects,40,,informational,0.04,LOW,0.01,20
dasha,shukra mahadasha means,40,,informational,0.01,LOW,,40
mantra_variant,shukra navagraha mantra,40,,informational,0,LOW,,50
career_job,singh rashi business,40,,navigational,0,LOW,,30
conjunction,sun and rahu conjunction remedies,40,,informational,0,LOW,,20
mantra_variant,surya graha beej mantra,40,48,informational,0,LOW,,30
career_job,vedic astrology career calculator,40,,informational,0.14,LOW,0.03,70
dasha,venus mahadasha mercury antardasha effects,40,,informational,0.01,LOW,,20
dasha,venus mahadasha rahu antardasha remedies,40,,informational,0.04,LOW,0.08,30
dasha,venus mahadasha saturn antardasha effects,40,,informational,0.02,LOW,,30
foreign_settlement,abroad settlement astrology,30,,informational,0.04,LOW,,10
conjunction,jupiter rahu conjunction remedies,30,,informational,0,LOW,,20
house_placement,moon 8th house remedies,30,24,informational,0,LOW,,10
conjunction,sun rahu conjunction remedies,30,,informational,0,LOW,,20
career_job,vedic astrology career reading,30,,informational,0.01,LOW,,320
foreign_settlement,abroad settlement in astrology,30,,informational,0,LOW,,50
career_job,aquarius career next week,30,,informational,0.01,LOW,,40
career_job,aquarius career this week,30,,informational,0,LOW,,20
career_job,aquarius career weekly,30,,informational,0,LOW,,20
career_job,astrology by date of birth career,30,18,informational,0.34,MEDIUM,0.4,40
career_job,astrology government job,30,0,navigational,0.06,LOW,0.05,30
mantra_variant,beej mantra shani,30,0,informational,0,LOW,,30
mantra_variant,beej mantra surya,30,0,informational,0,LOW,,20
mantra_variant,benefits of chanting rahu beej mantra,30,,informational,0,LOW,,20
career_job,best business for kanya rashi,30,,commercial,0,LOW,,20
career_job,best career for taurus woman,30,,informational,0.01,LOW,,20
career_job,best profession for libra woman,30,,informational,0,LOW,,30
career_job,best profession for virgo woman,30,,informational,0,LOW,,30
mantra_variant,budha graha mantra in english,30,,informational,0,LOW,,50
career_job,business kundali,30,,navigational,0.24,LOW,0.02,30
career_job,business prediction by date of birth,30,43,informational,0.48,MEDIUM,0.06,10
career_job,career according to kundali,30,,informational,0.34,MEDIUM,0.16,30
career_job,career according to kundli,30,43,navigational,0.35,MEDIUM,0.15,20
career_job,career according to zodiac sign,30,51,informational,0.02,LOW,,40
career_job,career analysis astrology free,30,,informational,0.41,MEDIUM,0.15,30
career_job,career as per astrology,30,44,informational,0.16,LOW,0.09,40
career_job,career astrology free online,30,,informational,0.32,LOW,0.07,10
career_job,career astrology free prediction by date of birth,30,,informational,0.4,MEDIUM,0.29,20
career_job,career astrology online,30,,informational,0.52,MEDIUM,0.27,20
career_job,career based on zodiac sign,30,,informational,0.02,LOW,,40
career_job,career calculator vedic astrology,30,,navigational,0.11,LOW,0.07,20
career_job,career for gemini woman,30,,informational,0,LOW,,20
mantra_variant,chandra graha shanti mantra,30,,informational,0,LOW,,20
career_job,date of birth career prediction,30,0,informational,0.29,LOW,0.13,30
foreign_settlement,foreign settlement calculator free,30,24,informational,0.07,LOW,0.16,90
career_job,free career prediction by kundali,30,,informational,0.41,MEDIUM,0.08,20
career_job,free kundli career prediction,30,,navigational,0.41,MEDIUM,0.08,20
career_job,jathakam for job in telugu,30,24,informational,0.14,LOW,0.01,40
career_job,job according to zodiac sign,30,,informational,0.02,LOW,,40
career_job,job jathakam in telugu,30,24,informational,0.14,LOW,0.01,40
dasha,jupiter mahadasha venus antardasha effects,30,,informational,0,LOW,,20
house_placement,ketu in 7th house lal kitab,30,,informational,0.01,LOW,,20
house_placement,ketu in 8th house lal kitab,30,,navigational,0.01,LOW,0.01,20
mantra_variant,ketu ke beej mantra,30,,transactional,0,LOW,,30
dasha,ketu mahadasha rahu antardasha remedies,30,,informational,0.03,LOW,,30
career_job,kundali reading for career,30,46,informational,0.27,LOW,0.15,10
career_job,kundli job prediction,30,,informational,0.4,MEDIUM,0.06,30
dasha,mars mahadasha venus antardasha effects,30,,informational,0,LOW,,20
house_placement,mars rahu conjunction in 8th house remedies,30,,informational,0,LOW,,20
dasha,mercury mahadasha rahu antardasha remedies,30,,informational,0.02,LOW,,20
mantra_variant,navagraha homam mantra,30,42,informational,0.01,LOW,,20
mantra_variant,navagraha ka mantra,30,,informational,0,LOW,,10
mantra_variant,navagraha moola mantra telugu,30,0,informational,0,LOW,,20
career_job,pisces career weekly,30,,informational,0,LOW,,20
career_job,profession according to zodiac sign,30,,informational,0.02,LOW,,40
career_job,profession calculator astrology,30,,informational,0.09,LOW,0.01,30
dasha,rahu dasha benefits,30,,informational,0,LOW,,20
house_placement,rahu in 7th house lal kitab,30,,informational,0.03,LOW,,20
dasha,rahu ki mahadasha ke upay in hindi,30,47,informational,0.01,LOW,,40
dasha,rahu mahadasha mars antardasha remedies,30,,informational,0.01,LOW,,30
dasha,rahu mahadasha rahu antardasha effects,30,,informational,0.04,LOW,,20
dasha,rahu mahadasha rahu antardasha remedies,30,,informational,0.04,LOW,,20
dasha,rahu mahadasha shani antardasha effects,30,,informational,0.02,LOW,,20
dasha,rahu mahadasha sun antardasha remedies,30,,informational,0.02,LOW,,20
dasha,rahu mahadasha venus antardasha remedies,30,,informational,0.04,LOW,,20
house_placement,saturn in 8th house lal kitab,30,,informational,0.02,LOW,0.01,20
career_job,scorpio career this week,30,,informational,0.01,LOW,,40
career_job,scorpio career weekly,30,,informational,0.01,LOW,,40
dasha,shani dasha shukra bhukti effects,30,44,informational,0,LOW,,20
mantra_variant,shani dev ke beej mantra,30,,informational,0,LOW,,30
dasha,shani ki mahadasha me rahu ki antardasha ke upay,30,,informational,0.01,LOW,,40
dasha,shukra dasha rahu bhukti effects,30,,informational,0.01,LOW,,30
dasha,shukra dasha shani bhukti effects,30,44,informational,0,LOW,,10
mantra_variant,shukra grah shanti mantra,30,,informational,0,LOW,,20
mantra_variant,surya grah ka beej mantra,30,,informational,0,LOW,,30
mantra_variant,surya mantra beej,30,0,informational,0,LOW,,20
dasha,symptoms of rahu dasha,30,,informational,0.01,LOW,,30
career_job,taurus career next week,30,,informational,0,LOW,,20
career_job,telugu jathakam for job,30,24,informational,0.14,LOW,0.01,40
career_job,tula rashi job,30,,informational,0,LOW,,20
dasha,venus mahadasha jupiter antardasha effects,30,,informational,0,LOW,,30
dasha,venus mahadasha ketu antardasha effects,30,,informational,0,LOW,,40
dasha,sun mahadasha remedies,20,44,informational,0.02,LOW,,20
conjunction,venus rahu conjunction remedies,20,,informational,0,LOW,,10
career_job,accurate career prediction,20,38,informational,0.52,MEDIUM,0.07,30
career_job,acting career prediction by date of birth,20,43,informational,0.15,LOW,0.01,30
career_job,aquarius woman career,20,,informational,0,LOW,,20
career_job,aries astroyogi career,20,,informational,0.02,LOW,,30
career_job,aries zodiac sign career,20,,informational,0,LOW,,10
career_job,astrology by date of birth for government job,20,,informational,0.34,MEDIUM,0.23,50
career_job,astrology for career prediction,20,5,informational,0.51,MEDIUM,0.1,10
career_job,astrology for getting job,20,44,informational,0.44,MEDIUM,0.16,20
career_job,astrology govt job prediction,20,,informational,0.33,MEDIUM,0.49,20
career_job,astrology planets and business,20,,informational,0,LOW,,10
career_job,astrosage career,20,,navigational,0.02,LOW,,40
career_job,best career according to astrology,20,,informational,0.24,LOW,0.03,20
career_job,best career for aquarius male,20,,informational,0,LOW,,20
career_job,best career for libra female,20,,informational,0,LOW,,20
career_job,best career for sagittarius woman,20,,informational,0,LOW,,20
career_job,best career for virgo man,20,,informational,0,LOW,,10
career_job,best career prediction by date of birth,20,,informational,0.38,MEDIUM,0.02,10
career_job,best job for taurus,20,,informational,0,LOW,,10
career_job,birth chart career prediction,20,60,informational,0.07,LOW,0.19,20
career_job,job problem solution by astrology,20,,informational,0.24,LOW,0.01,20
career_job,best profession for libra man,20,,informational,0,LOW,,10
career_job,birth date career prediction,20,0,informational,0.3,LOW,0.05,20
dasha,budh mahadasha remedies,20,,informational,0.04,LOW,,20
career_job,business according to kundli,20,42,navigational,0.17,LOW,0.01,10
career_job,business for kumbh rashi,20,47,commercial,0.01,LOW,,20
career_job,business planets in astrology,20,,informational,0,LOW,,10
career_job,business yoga in kundali,20,,informational,0.05,LOW,,20
career_job,cancer zodiac sign career,20,,informational,0,LOW,,10
career_job,capricorn woman career,20,,informational,0,LOW,,10
career_job,career and marriage prediction by date of birth,20,,informational,0.45,MEDIUM,0.31,30
career_job,career based on astrology,20,,informational,0.28,LOW,0.07,20
career_job,career finder astrology,20,,informational,0.31,LOW,0.24,20
career_job,career for libra woman,20,,informational,0,LOW,,10
career_job,career for sagittarius woman,20,,informational,0,LOW,,10
career_job,career for scorpio woman,20,47,informational,0,LOW,,10
career_job,career from kundali,20,0,navigational,0.45,MEDIUM,0.04,10
conjunction,moon saturn conjunction remedies,10,38,informational,0,LOW,,10
