keyword,question
career astrology,How to find your career astrology?
career astrology,Who is Mukesh Ambani's astrologer?
career astrology,How to remove career blockages?
career astrology,Which kundali is seen for career?
astrology remedies for career,How to see career success in astrology?
astrology remedies for career,How to remove career blockages?
astrology remedies for career,What pooja can I perform to get a job immediately?
astrology remedies for career,What are some remedies to get a good job immediately?
career delay astrology,Which planet causes delay in career?
career delay astrology,Is 2026 a bad year in astrology?
career delay astrology,What are the astrological reasons for not getting a job?
career delay astrology,Which planet gives late success?
rahu mahadasha remedies,How to reduce Rahu mahadasha effects?
rahu mahadasha remedies,How to be successful in Rahu Mahadasha?
rahu mahadasha remedies,What not to do during Rahu mahadasha?
rahu mahadasha remedies,What are the worst years of Rahu Mahadasha?
shani mahadasha remedies,What happens when Shani Mahadasha starts?
shani mahadasha remedies,Which god to pray during Shani Dasha?
shani mahadasha remedies,For whom is Shani Mahadasha good?
shani mahadasha remedies,How to remove negative effects of Shani?
ketu mahadasha remedies,Who is the biggest enemy of Ketu?
ketu mahadasha remedies,How can I make my Ketu positive?
ketu mahadasha remedies,How is life after Ketu mahadasha?
ketu mahadasha remedies,Which body part is affected by Ketu?
moon mahadasha remedies,How to remove bad effects of the Moon?
moon mahadasha remedies,Is Moon Mahadasha good or bad?
moon mahadasha remedies,Which Antardasha is bad in Moon Mahadasha?
moon mahadasha remedies,What are the good effects of Moon mahadasha?
jupiter mahadasha remedies,What should I avoid during Jupiter Mahadasha?
jupiter mahadasha remedies,How to make Jupiter strong remedies?
jupiter mahadasha remedies,In which rashi is Jupiter weak?
jupiter mahadasha remedies,What happens when you enter Jupiter Mahadasha?
ketu 8th house remedies,What happens when Ketu in 8th house?
ketu 8th house remedies,What happens when Ketu is in the 8th house during the Mahadasha?
ketu 8th house remedies,Which famous person has Ketu in 8th house?
ketu 8th house remedies,How to remove bad effects of Ketu?
moon in 8th house remedies,What does it mean if the Moon is in the 8th house?
moon in 8th house remedies,Is Moon in the 8th house a difficult placement?
moon in 8th house remedies,Which planet gives bad results in 8th house?
moon in 8th house remedies,Which house is powerful for the Moon?
jupiter in 8th house remedies,What does it mean if Jupiter is in the 8th house with my spouse?
jupiter in 8th house remedies,Which celebrity has Jupiter in 8th house?
jupiter in 8th house remedies,What happens if Jupiter aspects the 8th house?
jupiter in 8th house remedies,Which planet gives bad results in 8th house?
ketu in 7th house remedies,What happens if Ketu is placed in the 7th house?
ketu in 7th house remedies,Which celebrities have Ketu in 7th house?
ketu in 7th house remedies,How to remove bad effects of Ketu?
ketu in 7th house remedies,Does Ketu in 7th house indicate love marriage?
rahu in 7th house remedies,Is Rahu in 7th house good?
rahu in 7th house remedies,Which celebrity has Rahu in 7th house?
rahu in 7th house remedies,Does Nita Ambani have Rahu in 7th house?
rahu in 7th house remedies,What is the age of marriage if Rahu is in the 7th house?
moon rahu conjunction remedies,What happens if Rahu and Moon are together?
moon rahu conjunction remedies,Which celebrity has Rahu Moon conjunction?
moon rahu conjunction remedies,What career is good with Moon Rahu?
moon rahu conjunction remedies,What are some remedies for the Moon and Rahu in the 6th house?
sun saturn conjunction remedies,What does a positive Sun-Saturn conjunction mean for career?
sun saturn conjunction remedies,What happens when Saturn conjuncts your sun?
sun saturn conjunction remedies,What does it mean when the Sun and Saturn are in a conjunction?
sun saturn conjunction remedies,What if Saturn and Sun are in the same house?
sun rahu conjunction remedies,What happens if sun and Rahu are together?
sun rahu conjunction remedies,Which celebrities have the Sun-Rahu conjunction?
sun rahu conjunction remedies,Is sun Rahu conjunction pitra dosh?
sun rahu conjunction remedies,Is Rahu an enemy of the sun?
mars rahu conjunction remedies,Which celebrities have Mars-Rahu conjunction?
mars rahu conjunction remedies,Is Mars-Rahu conjunction good?
mars rahu conjunction remedies,What are the remedies for Mangal Rahu Yuti?
mars rahu conjunction remedies,What happens when Rahu and Mangal are together?
venus rahu conjunction remedies,What happens when Venus conjuncts Rahu?
venus rahu conjunction remedies,Which celebrity has Venus Rahu conjunction?
venus rahu conjunction remedies,What happens when Shukra and Rahu are together?
venus rahu conjunction remedies,Is Venus friendly with Rahu?
foreign settlement astrology,Which planet is responsible for foreign settlement?
foreign settlement astrology,How to calculate foreign settlement in astrology?
foreign settlement astrology,What indicates a foreign spouse in astrology?
foreign settlement astrology,What are the placements for foreign settlement?
foreign travel astrology calculator,How to predict foreign travel in astrology?
foreign travel astrology calculator,Which planet gives you foreign travel?
foreign travel astrology calculator,How to check foreign yog in Kundli?
foreign travel astrology calculator,Which Dasha gives foreign travel?
abroad settlement astrology,Which planet is responsible for abroad settlement?
abroad settlement astrology,How to check foreign settlement in astrology?
abroad settlement astrology,How do I know if I will settle abroad?
abroad settlement astrology,Which chart is important for foreign settlement?
rahu mantra,राहु ग्रह का मंत्र कौन सा है?
rahu mantra,ॐ रां राहवे नमः मंत्र का जाप कब करना चाहिए?
rahu mantra,राहु को प्रसन्न कैसे करें?
rahu mantra,राहु महादशा मंत्र क्या है?
rahu beej mantra,ॐ रां राहवे नमः मंत्र का जाप कब करना चाहिए?
rahu beej mantra,ॐ राहवे नमः मंत्र क्या है?
rahu beej mantra,राहु केतु का बीज मंत्र क्या है?
rahu beej mantra,राहु का सबसे पावरफुल मंत्र कौन सा है?
rahu gayatri mantra,राहु का सबसे पावरफुल मंत्र कौन सा है?
rahu gayatri mantra,रूरू भैरव गायत्री मंत्र क्या है?
rahu gayatri mantra,गायत्री मंत्र से कौन सा ग्रह मजबूत होता है?
rahu gayatri mantra,रूद्र गायत्री मंत्र कौन सा है?
rahu mantra jaap,राहु ग्रह का मंत्र क्या है?
rahu mantra jaap,ॐ राहवे नमः मंत्र क्या है?
rahu mantra jaap,राहु को खुश करने के लिए कौन सा मंत्र है?
rahu mantra jaap,72000 राहु मंत्र जाप क्या है?
shani mantra,शनि देव जी का मंत्र क्या है?
shani mantra,शनि ग्रह का मूल मंत्र क्या है?
shani mantra,शनिदेव को खुश करने के लिए कौन सा मंत्र है?
shani mantra,108 बार शनि मंत्र क्या है?
shani beej mantra,12 बीज मंत्र कौन से हैं?
shani beej mantra,शनि बीज मंत्र 108 बार क्या है?
shani beej mantra,शनि बीज मंत्र कब करना चाहिए?
shani beej mantra,शनि देव का प्रिय मंत्र कौन सा है?
surya mantra,सूर्य देव के 12 मंत्र क्या हैं?
surya mantra,सूर्य को जल देने का मंत्र कौन सा है?
surya mantra,पावरफुल सूर्य मंत्र क्या है?
surya mantra,108 बार सूर्य मंत्र क्या है?
surya beej mantra,12 बीज मंत्र कौन से हैं?
surya beej mantra,सूर्य बीज मंत्र 108 बार कहाँ से प्राप्त कर सकते हैं?
surya beej mantra,सूर्य के 12 मंत्र क्या हैं?
surya beej mantra,सूर्य का सबसे शक्तिशाली मंत्र कौन सा है?
mantra for shukra,Which Shukra mantra is powerful?
mantra for shukra,What is the mantra for strong Venus?
mantra for shukra,Can we chant Shukra mantra daily?
mantra for shukra,What is the Shloka for Shukra?
shukra beej mantra,शुक्रचार्य का बीज मंत्र क्या है?
shukra beej mantra,शुक्र बीज मंत्र 108 बार कैसे पढ़ें?
shukra beej mantra,12 बीज मंत्र कौन से हैं?
shukra beej mantra,प्रेम आकर्षित करने के लिए शुक्र मंत्र क्या है?
budh mantra,ॐ ब्रां ब्रीं ब्रौं सः बुधाय नमः का क्या अर्थ है?
budh mantra,108 बार बुध मंत्र क्या है?
budh mantra,बुध देव का मंत्र क्या है?
budh mantra,ॐ ब्रां ब्रीं ब्रौं सः बुधाय नमः के क्या लाभ हैं?
budh beej mantra,बुद्धाचा बीज मंत्र क्या है?
budh beej mantra,ॐ ब्रां ब्रीं ब्रौं सः बुधाय नमः का क्या अर्थ है?
budh beej mantra,ॐ ब्रां ब्रीं ब्रौं सः बुधाय नमः के क्या लाभ हैं?
budh beej mantra,12 बीज मंत्र कौन से हैं?
